fsr1,fsr2,fsr3,fsr4,fsr5,fsr6,fsr7,fsr8,fsr9,label
3188.472773633766,1186.1677119734784,391.094731074587,2956.158698007909,1089.792937297369,230.21172685272342,3126.5854675254172,1078.6130017202265,362.6433052683844,Left
3209.2707829360684,1218.5838189525377,493.0846949279314,2952.5309205438934,1108.8405741955066,290.93427181241435,3018.8270106009827,1119.7073756168961,484.88646617632384,Left
3203.3325491122705,1191.4941364983372,442.54209763206956,2783.7163761593056,1075.0178146284352,389.22900260748196,3169.8723508303556,1080.7496261875892,410.1279886950328,Left
3219.857075946273,1262.5861446962913,310.9422228601462,2945.4600550068308,978.8383686619889,140.40436622249186,3051.4487417440396,1026.7351962923203,450.08097944451254,Left
3253.1412719690315,1102.4740206963443,467.78891386784005,2819.823774060612,1093.1004922930972,326.48801776347744,3109.1535885968738,1165.4909049235014,431.07310326339547,Left
3227.990808149537,1251.995847824504,438.27936301200947,2849.841162782432,1042.6103124946737,312.4025380691189,3139.9461120381425,1079.9907543202094,566.8603377984439,Left
3134.4565966250807,1112.0900320078274,461.47788123757573,3013.7479985074774,1140.4554152671408,416.8653876774139,3214.107598195373,1092.4778019186956,266.1632853488818,Left
3157.433876134503,1276.2316605853262,284.50572751373693,2902.682505662981,1120.258988747365,324.75262681490636,3157.890558909448,1146.4623793221253,565.7126813520586,Left
3249.597421421851,1151.2477233085551,355.0561926132776,2833.4735119006396,1176.1818847852655,304.6533732149039,3094.3791381039523,1159.944209543174,322.1229607478875,Left
3176.5073629105827,1052.6970987516868,313.40171047690296,2854.581087024652,1133.2608790813338,445.47946179546375,3098.522654946903,1120.9091423359841,393.4375494837786,Left
3286.7792890762885,1271.4684158990565,421.8954652326034,2819.124455724375,1172.2708251475676,380.48377023646015,3198.1553239771374,1097.6074725855028,536.2480739587077,Left
3171.289892774254,1327.4448331410435,409.20951780857865,2858.69847926036,1009.7241701766084,337.91755587689306,3213.8656820933747,1165.3099597291782,435.11070914128027,Left
3009.930194152704,1256.877136365603,444.4681928735873,2856.005897247574,1049.8092507055683,349.8151638549135,3237.9901010518984,1015.591944046214,345.7755972210972,Left
3308.942780028047,1164.30793604578,370.8598819311248,2907.822107783094,1000.6968498691443,367.595634412001,3003.230592242109,1170.8158648286517,380.25446582063915,Left
3382.6745173478203,1222.4672410824828,509.2551592346199,2795.738882262611,1090.2288525182507,375.85165232112826,3239.6576734696837,965.5267249583229,459.2495743847058,Left
3247.3083211052735,1322.6836956590505,456.9908414462976,2904.165694808316,1058.2680279665472,250.1456225725824,3115.6338211922375,1084.664258480375,541.6213870463713,Left
3151.1180137612123,1225.6313476164091,274.47988642594163,2868.3629937339056,1120.891830407288,415.91680100156043,3215.848134946248,1096.4681458936584,290.6204096751291,Left
3236.6280319593234,1241.3589678731034,439.33266742706155,2843.9769840660215,1190.670751806951,357.0316728723612,3155.985969737279,1201.9258592075557,428.7417856452681,Left
3222.9212822385416,1372.223618808042,419.496243277772,2876.3228613782335,1108.9573630066425,468.6214934749708,3109.496998950944,1141.550212411137,475.65851522657306,Left
3158.9713111818537,1061.8744184597083,423.9538521773153,2918.3787835619173,1051.3591857151348,419.6869104833934,3148.6053901587657,1020.4006062720467,421.4574755216962,Left
3184.311603287794,1081.3579783834175,436.23601864527745,2896.3828298656485,1040.3773680648105,391.8356469517399,3139.0474617753903,1053.7970252844561,412.0281752427742,Left
3281.2051948953954,1142.9866691451439,430.4712021921274,2900.2204600385044,1281.2808248520707,201.01576233774503,3155.622714512517,1075.5003984175028,371.9841960936134,Left
3352.1271181106617,1199.3141478991365,579.2754963020454,2864.6281627669164,1128.0409633078489,310.73219986600867,3044.744958990569,1104.9986501161225,357.3942779720718,Left
3216.199326718914,1031.597770582067,560.1974150887679,2886.640247297498,1239.4324404987194,269.43102991148174,3123.4028563779416,1353.1953681181508,310.42166535149687,Left
3080.376018151339,1156.2792371730689,437.7990741858085,2955.467203204904,1203.2293350417142,329.4390081285348,2971.8199392399756,1065.1976156419933,479.21781558414057,Left
3237.253012253703,1043.4448971699996,397.1958790649475,3011.8534473057703,1270.1238509560349,394.93493110278223,3124.74418502396,1000.7835465611417,312.5405700825996,Left
3203.7532686004934,1240.2558192650822,446.4147352895812,2861.743315589269,1007.8446217261187,287.77745271200695,3007.442048459219,1151.4727346211193,195.01751151634718,Left
3173.3377579512403,1235.9902665680968,521.7610179731952,2905.7039740040777,1180.1027151611288,318.07967425751264,3040.4476810774327,1046.0485569250027,502.1868625521466,Left
3279.5376915118195,1238.9918341170091,666.4215090849417,2897.412690197908,1149.627972082304,374.6073242046809,3082.249144790067,1285.2937078217215,500.5283842429691,Left
3088.0416292303557,1168.0122942171827,434.26692306946296,2962.654657203364,992.1242344149296,169.55507303825578,2947.4906424990572,1094.3110829327024,371.7437456768258,Left
3227.6175500891613,1138.4260177696754,302.060985927515,2738.156395393652,1126.3349886997948,379.60431667902213,3179.439493628457,1163.2636550383386,364.74275352504463,Left
3307.940877020279,1189.0906470778762,347.1330890945542,2858.3537245357147,1053.2150684235685,176.7410624399727,3112.506084238861,1119.9908473409732,351.0187351294321,Left
3142.892682393087,1229.7443059484222,537.3496470038153,2903.0604122003983,1059.3893114232235,302.68422380616556,3094.419484948387,998.8187543166846,369.97914494415363,Left
3204.8945811469425,1347.5742950212953,475.47790112907,2982.7223388519906,1042.9641167120608,403.59372345889943,3008.8494020360067,1124.9568557352695,413.4989808335087,Left
3138.687246715021,1359.9503844129192,445.389893020053,2747.7817357684394,1144.2287909276647,317.40705448879936,3100.1100972653044,1137.2611832731347,411.24261338492335,Left
3036.867892557231,1107.3344205109133,461.80993268596734,3004.096339938343,1252.252230933,494.2534590922484,2935.5570716295615,1161.558569674916,226.6967839107917,Left
3329.0880582833597,1220.2679522257638,308.7064969618369,3060.7920757672914,1151.5176696232697,198.7080888838822,3123.47744939685,1041.5088073867696,388.90363839761915,Left
3162.784430835571,1309.8795109014923,286.1370889453141,2925.3924134609133,1245.1350672479982,283.8431760823783,3116.8518940846575,1116.1601312760063,324.82382488971297,Left
3251.83148982122,1207.7640225447917,324.4985996173501,3040.961288391908,1163.3291997271842,336.63144439819746,3049.066018604523,1037.250990223158,478.4752778048442,Left
3188.2817412367563,1236.7550563091804,385.2434639285652,2949.3127575853887,1090.7216695899294,411.1083097981655,3085.3431272142775,1166.3669837694817,433.790728747971,Left
3190.6712159471053,1131.217820765873,324.79040075649556,2840.7410543887386,1021.2409885372152,419.2637137003241,3096.271814999168,1225.6080782058025,562.3463862164112,Left
3201.937797685779,1076.15862381253,369.4837174767775,2893.9721266466845,980.9246123877759,329.96053781575586,3122.9557047313506,1063.2457723042098,318.5259261669715,Left
3139.299459234975,1342.934698428753,387.2283135761848,2833.6055908253147,1070.16812874439,426.3474966436296,3045.2249564765953,1138.5477847465463,438.23079591197603,Left
3259.929426576078,1311.975573695732,355.96144162908735,2990.6186289745597,1036.5717120150905,318.27680984006196,3195.686973844829,1165.790032248894,380.16780404787255,Left
3104.6868939176097,1244.932786167466,349.5701840413415,2826.089213743207,1048.1492596457122,369.71952319203547,2930.317431565479,1128.861052256959,393.9127695767954,Left
3153.2378878050395,1282.9541834760284,448.9152338954206,2851.497268362788,1046.398670258326,405.61211803695426,2978.7141152467143,1073.3902056196712,329.51627780202597,Left
3205.590198772317,1216.8901217912612,402.9430331971424,2990.787846097553,1118.2450427705605,324.80061990262254,3003.1316073953935,1157.7479837486185,422.25172366813507,Left
3316.0647635917403,1140.2036133238553,402.11344320685487,2895.304584192485,1092.9911312600348,350.8312169061691,2962.836840777483,1165.9988427220521,432.25646970655737,Left
3290.4378720687055,1379.9659493195481,374.48262450913853,2897.108545885495,1100.7826852098672,505.3748360566765,2961.5024221812055,1138.861437616592,262.3334906041249,Left
2993.474337430145,1038.333376680965,289.4585155433302,2985.522035153656,1030.5311669627386,331.8033872574865,3006.9189791856084,1148.8760382579796,291.8430780399349,Left
3305.412174080413,1120.5515668586174,338.81380496171,2909.8192836321946,1101.976897666229,463.9752071002308,3109.632583047454,1003.3732569311301,335.1731780722948,Left
3154.177284530573,1258.0033776904993,430.7034407049768,2890.448718159029,1169.5685776002708,307.7202866257385,3089.101300135032,1114.460832346663,502.25450262118227,Left
3192.1173455741127,1171.9360872948212,316.33303698301665,2954.884174665317,1052.9883700602368,377.49480142943196,2947.871208768823,1183.4549567052009,273.4449785609117,Left
3137.8126109139666,1284.6864907882111,293.24234112204914,2893.643597170141,1105.940486486439,270.1154549333725,3207.4346401239977,1219.9022641859533,222.27059971240385,Left
3084.0807762081195,1264.6585761994406,295.7580691706148,2868.9090117146384,1110.3641670667066,405.34800658506884,3082.1397924470953,1107.617673584163,317.86136661196156,Left
3303.3889278747115,1160.3748914478574,427.17863100608025,2859.068953073341,1108.5058792587547,336.5469516480028,3087.002866274792,1018.8975313431603,443.7130235390429,Left
3313.123393339061,1219.4518478223547,458.5868218998172,2967.0454304574864,1174.2388624792543,374.2685401087293,3116.980582398592,1169.1205817616633,385.50658604822263,Left
3122.0865284988035,1201.9078683564746,248.92676867684463,2899.5279808995924,1133.0697869038,448.8784621051162,3112.1021821917675,1174.2511856945239,379.9569988646873,Left
3118.121892316255,1087.0896225824565,322.42124974901765,2790.7081825082555,1150.6966248415406,333.39082514413616,3145.6251912012253,1105.8745143865187,463.5239635777707,Left
3284.8154232711067,1148.3729593778278,378.05472312439196,2857.3737130580307,970.2950339407247,404.01737163206974,3195.1035830554883,1099.4857286980641,340.5446225240799,Left
3287.2724023111646,1012.4030168787607,414.19801567482995,2911.4627179280233,1054.3314356379622,461.32596246074996,3177.6588335243596,1079.1074201841634,373.06432079585323,Left
3168.9580829161036,1159.0304073076559,295.34400585089077,3010.395876295711,1182.2400120232562,413.85330649115633,3012.453126417914,1266.4676131706667,538.4132212445812,Left
3215.044573520103,1127.6623478288018,330.68559331646657,2933.483890487079,1026.9588687777941,347.26312925946223,3187.091576782941,979.4541005053493,540.4582956476579,Left
3325.3366727197,1101.0331320290034,286.9086964602367,2877.326251715243,1017.5085439759707,328.9023338471582,2893.505122767326,1081.7038355838417,524.2285177263054,Left
3110.6724239409896,1178.1544930536488,280.8312639247296,2951.0590020193576,1081.9744648602275,505.25864477273865,3116.547155475152,1070.2256025409065,424.0217996604627,Left
3159.5017632649524,1092.85534577446,424.15582158308854,2886.01049614332,1113.3052040271089,380.03658660480517,3059.1744262724437,1133.7261097993962,519.015725851457,Left
3111.3760376219866,1338.9940405787293,380.57573992083087,2838.669868332052,1294.1776456921434,362.40173065001983,3209.632240367295,1165.4075392734294,245.552413996822,Left
3209.6655678922016,1157.974419226347,292.65659240032767,2758.263090694418,1108.1832194979108,397.22024086392565,3131.2534548188955,1075.5337155871075,316.1186416313467,Left
3121.051105470634,1155.587152443244,317.3555837503414,2883.7380278960104,1098.169033282501,278.3209468044831,3081.435989245599,1039.1743969209278,379.64220757983594,Left
3240.5670166363784,1214.2500187159008,437.7720699592821,2767.8388337913702,1069.7042801137197,372.13915013846326,3151.2929967673067,972.1597309807914,392.73426030544044,Left
3296.5136518825307,1185.7111443350254,392.4193510818612,2936.036550562081,1119.7694547165963,403.9709880206837,3105.793109126793,1112.1996856282176,317.40444502871736,Left
3186.3649710910317,1300.249762981492,383.6664195472557,2886.5148576414963,1060.6797302464392,412.97487059525724,3031.6256737869776,1172.840175604164,305.04212845916277,Left
3115.377509988537,1216.4751569675288,410.4143575681448,2923.8045842411125,1185.002969671152,317.0003227839749,3135.4394874315158,1027.2146187720646,480.73352237591024,Left
3250.596693313601,1242.9215012282589,415.0302793047829,2837.152044468875,1073.810275066609,390.1423569460012,3098.4652704371083,1109.8995729977273,271.2144394558634,Left
3214.4875183901,1144.645808788728,313.3330756998181,2887.6251688384364,951.4796597909906,405.88559923248766,3168.1610318153,1095.725112060263,300.4974260358477,Left
3124.370494366888,1187.910155722541,206.10130150643582,2914.4381426459486,1153.154561918406,325.04841211873094,3060.4478104472323,1114.557380685493,408.0515253631916,Left
3287.532140149272,1201.4717343370519,344.8193878772924,2863.098796322212,1114.5556593488068,474.49602999975446,3074.3781356169843,1015.7978672478936,310.391470389384,Left
3032.2932315021476,1226.3835198144834,291.09405685742416,2801.3192377909936,941.9188308676237,260.560929633358,3145.4731581550254,995.0916706699804,240.0286130611176,Left
3214.2610507175896,1172.706296885119,434.57520108162237,2959.244784392627,1099.320085557351,246.17913388945377,3090.096003101835,1140.0207584119983,333.360883435104,Left
3085.0031001829684,1288.208964870039,366.78018854524,2867.2615990068175,1101.276979338496,432.4377886007401,3121.08958015653,1073.3419210914358,434.57066762125953,Left
3371.761959424605,1311.022900648441,453.82971365423884,2810.217561611435,1400.1646994452265,254.10743050624632,3070.2557677184705,1044.0088644617144,510.15134892184483,Left
3233.6192060380645,1085.8300029717132,421.40697418089803,2943.752453427915,1074.521358115303,252.38481685483728,3041.997326563079,1065.052078470048,381.81852231520327,Left
3158.407204024261,1258.817632339556,324.00420015577237,2761.489050519269,1040.848524490461,457.91125171051607,3054.147495427945,1287.2647110232979,419.31873875078884,Left
3106.845914860454,1133.2571042573472,419.46979771150507,2805.7884862172177,1289.966292242528,270.72873752854235,3154.4754764760546,1216.8103912208114,371.26396743962613,Left
3120.3311099694793,1178.1546926180306,428.9773117973926,2970.060167428922,1104.5373548797,237.98220592153163,3103.3859125287763,1046.1313462758003,205.34113300596732,Left
3144.1951849468974,1085.403946016966,446.948352581481,3055.533180323286,1248.7002925408317,304.1433004440966,3062.6084503821385,1155.102559945907,464.90284896582904,Left
3166.500913075225,1188.589124938274,576.5543479322314,2891.4038784890226,1061.1742846167083,359.59311870999653,3146.3761889703887,1018.2686514225135,360.1277755463822,Left
3106.691150502521,1177.738915719954,550.1539623024082,2959.3377742934313,1092.5965399425072,275.3510379530904,3075.087363241667,1184.0586662196165,335.0650551759465,Left
3316.0336526016104,1090.1090915790535,376.7962965371835,3039.4211466627376,939.3728984757056,445.0730525879856,2951.8898340287656,1092.7936122347207,366.19722092711356,Left
3265.9434792569405,947.6365483100494,246.57521497189626,2854.7186965092974,1102.951603222079,278.5426516432709,3082.330641875746,1005.1061466551569,347.89816261825695,Left
3132.2587081047855,1219.521704081099,446.51358801941484,3014.6344050245643,1047.486516382699,324.5606541398139,3103.81963419539,1076.406458632737,375.840756231853,Left
3075.0257016777427,1229.7403858856142,326.784675175901,2823.4430745602717,972.9499036878279,442.8801304529121,3088.7512718962234,1191.9593585904,401.7841345478518,Left
3063.731125896327,1113.304285528411,460.6345579152488,2838.7453828647167,1012.7724760900014,335.6496697382168,3085.8426269794995,1019.0506080725363,353.90837955092303,Left
3161.720586133096,992.8008290032852,440.2130821562454,2835.090002691726,1204.3551539806863,257.99006117924387,2973.6321296222914,1195.0099155189343,253.195590736293,Left
3149.1060584496668,1247.7869374788704,373.62831199561475,2767.5622424872613,1115.0428187689308,334.4541671063005,3202.708405125417,1147.0918323208264,622.8571438489245,Left
3068.3284771216418,1198.2660197364166,314.6676407172973,2992.380040066561,1165.7470382202787,410.32302612408523,3037.813443473169,1040.387873969315,217.62560898691993,Left
3336.7600113527087,1240.657543543706,379.13120395843293,2974.68122748312,1160.0732429307488,428.0211355789978,2970.1170044330793,1042.8931245602607,395.63535848540363,Left
3228.4336916168054,1276.5787890759482,319.30915597963724,2910.176730862222,1276.4283033581235,405.3537582088631,3169.6450307285972,1098.4650183786428,441.4101610415575,Left
3344.3191829358193,1208.5313589811467,497.91827238618737,2829.988849733485,1147.2079013304665,422.33733401575716,3039.8397296593444,1187.8499358839117,325.98027231735335,Left
3135.580859396814,1199.9046119115897,554.5591794381257,2924.7322362458244,1174.862782564357,291.4561822951919,3106.199796459424,1005.8754904010331,334.31149013287046,Left
3266.851253503376,1196.9282155271128,516.1037073715224,2883.8066847031455,1084.1651258022046,452.1345238186833,3048.110679550946,978.4188315327857,484.1021536630834,Left
3233.1350300754307,1026.7844041937426,403.56234570953495,2867.6970400653345,1239.5871728095422,291.68068694253,3053.5385555421162,1027.1679341221175,295.67551306720486,Left
3143.960326344962,1085.1260420411095,317.50420949823126,2771.473181068179,980.2177024706599,225.22599749860493,3058.307285259149,1045.3049163529806,281.8823681886604,Left
3238.2616700015633,1196.153929474432,365.44192379929694,2862.8821376751916,1227.4303649276674,369.18512863020015,3138.0302661595733,893.1168044898891,327.70124084763773,Left
3026.31945727953,1165.903653825399,429.8648117074339,2846.056178632205,1141.4887064193888,268.1800019955704,3146.064251803804,975.7112535492972,359.0649398953366,Left
3233.5845758419073,1242.8736630573947,389.81893096871863,3055.177141570444,1066.8464130414234,313.92034060245396,2879.2394027470955,1241.5147059560031,350.4801367059704,Left
3105.918760342645,1305.672355764439,498.8404898780532,2908.666049965285,985.2062745097016,383.5180840742771,3050.288640924561,1006.3382563708594,463.4697893714815,Left
3029.392633089103,1245.3730605893647,436.748407725613,3064.080864249814,1126.013906546394,185.32548070690115,3033.1103209943417,1105.1733537044477,408.44509148878285,Left
3278.4652861074974,1043.2259390336753,373.6040250239951,2977.5888756882027,1223.5175836433968,498.88190586501025,3068.782465810841,1187.8084205285136,516.9369873927035,Left
3295.845561871425,1257.8948209625619,466.22375422472163,2836.8092550718707,984.2200183188439,428.62783429120145,3072.234655329376,1097.7493135425277,333.70239584685,Left
3168.5674526520256,1218.619951574871,318.25125006466897,2905.480000953342,1119.6843900183262,343.81156633690136,3040.5096153876475,1162.9295882814683,529.810957119464,Left
3151.9005632154863,1298.7570280502377,471.14112474235384,2687.7398625559463,1039.1044720042864,299.13277563317746,3162.541724062492,1115.079030482999,417.95184715756056,Left
3250.902309429701,1128.0866628126134,340.27600387991816,2802.1688829829354,1086.3783520474426,340.471743467049,3113.6964261599715,1041.815389912656,452.5219678514448,Left
3273.3688652753494,1323.721504693448,456.90463163176156,2914.840899077545,1153.793917828212,398.78014314025575,3047.8548080075566,1203.1508273369348,517.4814521731887,Left
3358.156254432788,1202.818056723713,425.9416354638483,2933.3087112417193,1099.7963549439526,399.54310129710314,3090.3056119354205,1084.4973277001486,520.7185735189304,Left
3213.177235192151,1205.3608160861884,470.5615421625964,2912.026636995945,1123.329780576741,344.9148658816796,3002.366680627576,1097.522262737817,289.0492190468044,Left
3216.8120980552676,1105.4849429440471,473.3367305239941,2959.938781247907,1122.4342601802894,341.9892897848474,3133.3041023627993,942.8001330193478,292.2544082641332,Left
3188.101338950884,1227.620754683405,393.6483382237721,2819.6311889292574,1110.6756827696875,313.7039662024898,3014.51223652823,1126.3601612067112,363.20174349031817,Left
3295.718654055716,1253.2425653563466,458.7737067077175,2925.7333298804847,1032.3857618217876,275.1498286297321,2982.3073521847123,1330.3209998050881,293.6444168677841,Left
3183.213453243562,1171.1688667650624,377.5121902857542,2853.275959492286,950.5324120583471,270.14450100054455,2988.7464375818195,1089.857632720514,325.2640475718561,Left
3145.0255792885123,1217.2703396518716,353.3771936913396,2974.5675309337453,1069.1056170952845,368.0125382579206,2993.9762625525855,1152.549841672155,347.5853285824581,Left
3232.7006466632224,1226.4004134224904,386.1245475403252,2917.3951293035943,1069.176285123777,457.6887800273003,3174.7431083747483,1138.5995408638998,285.58876679573245,Left
3112.0555475535366,1146.8910744494642,380.39979651565613,2935.841253519147,1028.2769721083755,444.16592570748566,3100.2875860832687,938.9774580238876,341.9746309552596,Left
2993.185177241458,1139.8617034485394,356.0697720437597,2851.1671892344093,1073.9797166194128,318.471854809425,3052.501251711895,1220.1997529637467,477.1921798105952,Left
3108.652747456813,1300.3119918810726,270.29060144955497,2834.831026422634,1222.0154196721585,170.83573295328318,3145.9828530346363,999.7204706752213,368.4799900157672,Left
3185.5837431437685,1335.7763369363834,335.15172468131357,2894.4787853402636,1150.1615852468165,329.85780068294105,3034.2346138587645,1095.2640176118384,387.48091886860556,Left
3270.7244347127235,1124.5558123517217,364.0695589209559,2925.83541516194,1086.6266050130102,335.17758152148474,3098.6397517340683,1044.3328409410485,316.02476786938416,Left
3235.2584142887567,1112.3919925766684,493.23070809660595,2917.3843930557273,997.8767126745101,372.6421596572208,3113.3822879268514,1160.9729107027172,472.7079657476004,Left
3170.686470746828,1143.3789833834805,351.5214764889924,2821.5129256959267,1040.2846746535095,372.7601950089073,3101.2212650255065,1060.6914394213663,320.93953513740695,Left
3227.830901560919,1159.8720789822514,316.7874605781535,2887.8660113915084,1078.8405121524033,264.3966965522652,3166.1741085009126,1167.680994388375,383.2714947608416,Left
3210.483229512724,1242.1846479797264,397.526202218913,2971.3033795714127,1232.4806787759587,356.4394434020908,3135.220273918157,1169.876133436909,352.9565754561052,Left
3109.7356386246493,1272.4800652276951,274.4988514602991,3043.1069352017657,1169.634674270569,365.015293560826,3104.0876747126795,1240.1086358490352,304.30192345810343,Left
3107.18452317411,1152.1491260230284,379.0562012743824,2819.4824607683577,1112.3088858856765,360.87559578741997,3034.8914281609746,1228.244212195485,268.63408480975977,Left
3097.862171307575,1230.089602536676,383.4013692604285,2933.418148393662,1050.4823503249793,267.3328177585992,3048.356522099465,1045.3123754371197,421.9996806667657,Left
3161.6033316820944,1260.9144301992944,447.0460276643952,2983.247706584037,1172.0575223060168,412.7482259165796,3161.5882375207893,1058.664618438062,359.04926866077705,Left
3053.589829131245,1223.340044951408,346.0987269207971,2932.123637148043,1142.1987262864488,241.83250363237366,3018.892850720516,1072.052293139936,338.5919475494445,Left
3213.3616147308408,1107.5660986710081,403.77426657242194,2764.9211566548806,927.5911712403879,407.3330911676461,2995.574920870715,1055.2065833919742,266.61096505195616,Left
3087.2903367944937,1168.0914752243232,367.18973013740174,2978.606970595039,1135.9609608731141,329.110517013523,3160.6146824528496,1189.3243374405652,412.9038385501305,Left
3167.494708973955,1281.4882701294862,541.4817300884877,2952.842745496938,1241.6541272320594,424.1279133330988,3167.908686650284,1012.7850812065836,290.9160523222596,Left
3196.0413212267995,1066.4433844877108,352.563694960762,2969.3869915360992,1046.7875665584177,392.6552814924622,2991.89992827521,1060.508718625111,461.8752343533858,Left
3216.680994950824,1223.2226021742279,536.3779065275703,3003.7442801990355,1029.851447744182,455.43188932029096,3050.780470188251,1098.592813382411,381.21704675750533,Left
3285.843219749881,1109.6586689253807,436.1488707233669,2941.9211903663736,1164.9210618270317,333.1691362138538,3180.2729786696864,1043.07648112378,471.76469974146454,Left
3228.1792134408183,1087.993368062978,432.6336270673208,2914.3443675022418,1071.5474924437904,291.0997115174782,3080.784563454157,984.6274389444561,515.2575571267299,Left
3109.737695594557,1147.0973516794636,491.59192384468577,2946.802467648447,1157.6196297057809,471.336676096005,3075.0285811461063,1016.2804060768954,447.54143753926326,Left
3263.7022632188573,1173.8488462924226,298.7536061331495,2999.1320441263138,1146.0677910532406,240.12208626529718,3162.3963053220973,984.7218075934097,341.3895646943677,Left
3110.1352439447546,1148.9735542168833,333.3351196019339,2850.93513497281,1157.9411169637613,373.5672773645658,3150.298528163573,1187.3873698834352,350.1837996333888,Left
3206.391574660335,1243.0522398270111,536.5390858079077,2971.926260270563,1210.5240924336333,431.5171779566982,3184.5812333978715,957.2263867264842,450.4687355378767,Left
3217.0339877375036,1204.3371499516286,357.8195889347783,2865.9780737375486,1133.2944591061625,417.19806108628035,2980.177151605347,1117.4483056527515,335.1450577082163,Left
3123.9357786942846,1231.4097820222576,373.70257344838615,2847.277065546061,1038.466797086788,372.50390789260143,3099.196938059883,1012.6687698433004,312.7201896195229,Left
3185.3994816284944,1232.4118248104169,316.0228395123805,2939.0485274343546,1034.0797820309701,568.2195678959388,3024.7197710290698,1036.7899567769898,395.52026998829194,Left
3127.8095226270043,1266.2104984483374,544.1133077405424,2868.9904156712328,1113.8216832971552,308.5792266973206,3099.997688721478,1214.5387534802442,451.53969581653575,Left
3127.6620053196893,1323.6723492172564,492.9649063199852,2938.9094654987275,1047.2626066944572,355.2566031788451,3036.362724730301,1137.4084615737559,354.68231213409996,Left
3021.2030376975626,1274.0962445021894,415.3162430146388,2986.2786455307278,1089.1056213483,365.07732951316046,3189.2260915589363,1131.023765714299,403.04013841742574,Left
3457.1512777527387,1186.479984734324,413.53485998227313,3038.7222960938984,1035.5993838777204,266.7202158811817,2985.4347359533995,1142.6929967476271,430.05045957975415,Left
3259.3190117243935,1091.7151935962638,480.46873275855097,2995.7812705114734,1092.2150940273852,352.6053172764832,3154.0476622609763,1129.37148001144,431.357573203465,Left
3113.113115362798,1186.0302091418873,303.00213122090173,2950.5021561645,1142.417316982137,342.09480073535656,3123.7439383528267,975.4786913495225,448.6340211509713,Left
3162.61831440625,1210.3240810732582,489.22957751828665,2839.4799513380117,1195.7786814545016,359.92602476095743,3102.25521244143,1144.483645469047,280.23795340265735,Left
3247.528494204887,1204.92075669642,482.90215700839474,2882.6554374963753,1070.9346042574398,379.57105221253835,3095.250576598067,1006.0825060350999,364.4833816183106,Left
3301.4104015883354,1192.5517019306646,330.3632031385816,2957.274960417358,951.7245063780416,180.37861994996265,3099.6679763061456,1114.474018469145,397.63193693010743,Left
3128.5773687046744,1187.960030389185,288.10133985254595,2917.564984854476,970.7744916336176,338.0605806656636,3120.9263448906377,959.4699440460909,338.19976595912516,Left
3263.051699713206,1323.917430687251,279.6831769398703,2927.193476674524,1001.1240500227641,242.37935984733016,3227.6859064851483,1153.4545788679789,315.6644562136919,Left
3217.5222135063923,1251.355706901106,414.50341251134705,3079.782299495955,1148.4623312910708,110.56147036569243,3076.7840189946323,1041.0739025686146,363.66825777548775,Left
3201.07727170393,1147.9085659225311,313.20659152031953,3009.072439275417,1147.7873595158853,296.3408519789866,3154.3719722747232,1154.0144453205783,481.3845968917082,Left
3115.5749338739847,1262.390530348378,351.376932439436,2992.4035657087325,1084.6040676243165,168.25766138879177,3102.8283178949227,957.2669982386667,362.6280459244735,Left
3195.3446695835883,1167.8955987351922,281.0464091761156,2810.7416874225055,1032.4327520534011,330.15131111820364,3203.0799823930583,1156.7268344299398,342.2243813208322,Left
3301.9102164319484,1090.5550010318887,454.80170536511906,2885.98122398386,1118.9059832515695,401.07697556365736,3045.6339986707767,1164.0926507109523,379.2552011013907,Left
3392.9439121669466,1175.6591131831785,501.533986922508,2951.7672340796553,1006.0698866839426,458.84977913877157,3015.1671357098394,921.440386369439,448.2652548809563,Left
3285.5162708230514,1204.162050485009,379.11845504602525,3026.694543959283,1156.9494459028513,297.5307261017809,3158.5226383708778,1000.5366696223838,335.28256498417187,Left
3115.9095974239262,1023.9986095969311,305.8165962035621,2997.7862322464052,1012.1742496910445,305.9974375997439,3007.1221053343234,1169.248577329926,380.09579585338093,Left
3239.259623485453,1191.545057557481,306.31784262225045,2822.084576352502,1166.9812752241,345.40746435863156,3161.9521350978703,846.9923303593845,468.80869885508275,Left
3160.482624852416,1373.8285797116512,359.1395933433457,2902.2615097343596,1152.8302103197998,279.93638717519025,3169.819034477115,1048.3827272915748,483.12824705808885,Left
3263.4565005387904,1239.6509317300831,342.06446570215456,2883.1543065129013,1123.992928668775,187.3325807564949,3055.860056282705,1175.045880311315,278.54553820668997,Left
3302.318264604656,1149.7347849570626,425.8605874432393,2808.186892023342,1138.7502611542752,387.0182424660625,3190.9099166092465,1208.325608264864,480.281895336239,Left
3216.7135187022304,1101.9068705309683,505.90120670248194,2795.669221135524,1064.9032135731404,408.9686887232815,3135.4846153468034,1227.4452306899805,379.6757258708178,Left
3064.7944821520723,1177.979327628703,413.9248391530425,2871.951277805182,1212.9962841352037,330.1909910816228,2985.132216004489,1137.34315724947,288.18518264808375,Left
3335.991387172876,1221.6075363813604,287.73724802799495,2986.3513461463212,1289.5397238526605,189.67551575699582,3172.2458807176763,1138.7222064271614,394.0544237558792,Left
3227.4662736101614,1239.3508531873704,344.5596131722284,3012.8791870494224,992.0380671185563,506.68506962238496,3222.214977297172,1005.1091962712153,379.5679895199618,Left
3313.5887189715454,1160.7204453196127,387.0073164210172,2867.8098081621747,1193.3978246404529,301.3853797500601,3099.213952438803,1143.217232149458,363.3918630378099,Left
3130.6854779456617,1092.676111817441,278.5394849115421,2805.615659977715,962.3560356810308,291.8498569662156,3124.017184420685,1104.3276295052558,313.8693535067773,Left
3118.5584835693667,1120.5289149665298,288.9681581847198,2801.1297937800205,1157.1489259017847,237.63107944998578,3101.3852678919006,1050.5556919879868,574.2355589422251,Left
3056.2457573380316,1215.4640683940574,373.2999524801804,2838.3095708416063,1125.2170363433718,362.4467693819615,3014.487586873901,1134.102188707409,411.1334862935212,Left
3304.7575778595565,1151.2023029370062,517.6355550516439,2884.254611336212,941.9190119181911,391.84766405796216,3093.472783458932,1029.411923525091,454.65922750807016,Left
3162.26973725894,1281.35084861602,393.3839097909199,2960.0257388646946,1154.3582208920548,387.8534332411623,3017.436525666204,1173.5770381728262,381.7409380022169,Left
3360.180861891664,1238.293590663605,460.09009872196157,2838.808563558383,1067.508673152193,357.7374395463464,3006.3619166517037,1006.3778104068604,371.31337936798985,Left
3193.7703040856477,1216.1659909462892,489.3683307203279,2867.973011028181,1154.4700567245013,338.4291730841636,3084.479046836995,1120.5654441750314,214.58173827763335,Left
3205.308549160587,1148.9394020367238,325.61291686190145,2749.040686610224,1064.5687127226352,199.80511425015422,3169.609852748929,1080.8554144573563,245.43425791006652,Left
3146.118010021546,1260.3963001595073,352.4093226547815,2877.5025755057923,1070.4653428663487,339.73791163115425,2964.0186365239983,1096.3632257645752,335.35258430306226,Left
3436.3023411311947,1182.9593296036667,363.5500326207534,2979.0781605602924,1087.5174264395866,370.2673752598204,3030.0707226769764,1224.4182456357041,329.7860259664647,Left
3230.0280226095497,1290.5886024705796,375.6396060678912,2899.9880760108085,1146.921069377047,404.61455307699237,3012.7921612009063,1114.5186583937075,304.37047715338133,Left
3140.3703835132346,1148.1287058732753,497.2782280057827,3027.72618672968,1308.436207510373,345.4759665295874,3032.687449453114,1022.4414583207865,508.5984631187577,Left
3076.9297440675878,1174.6425153213436,354.7149563305757,3039.99962192049,1018.9324720833644,438.13306698078117,3205.068245943749,1086.6583978765525,417.2396235811589,Left
3076.9028534873964,1192.94337505391,382.7978355649363,2693.6333884118503,1133.2301574788344,378.4133133452939,2964.529915983878,987.0179336552471,320.0568683704348,Left
3157.6654574166096,1175.4907283276075,323.35006150828383,2819.371429540241,1124.5210595040642,311.9801568749644,3091.4559517298076,1081.6256104842887,416.57602480847487,Left
3187.658009441351,1268.923157531794,408.23988224516125,2971.1227438776314,1199.7665780004097,233.16196349107506,3173.7596097132778,1242.6257718720487,302.1976697633754,Left
3197.4503433999485,1171.4236724698808,435.2667145655691,2941.5993498384837,1046.4563518207588,455.004521789512,3031.4655350649914,1088.9344837040824,461.8873826852982,Left
3356.275031357558,1158.9875806015682,462.58356895740894,2917.6033363772435,973.4045072122668,273.58493926847075,3003.618338597144,1059.734635583667,346.6569468676823,Left
3202.235903500441,1302.215514510096,433.79809443780493,3112.2450124848697,1080.5257646674845,413.1402337089602,3133.1529355755474,1220.5253354062895,349.7027155923022,Left
3267.6206277166602,1330.3258205719485,342.3349722973186,2894.0102670705073,1140.3445044935504,315.21764395618135,3029.9804746915793,1246.618639669163,361.6279916471533,Left
3338.7274473257044,1159.3259747012837,383.4328865963154,2963.7711317045755,1083.5184682790075,278.0905485250866,3042.4071053276116,1121.8137886674103,326.7108785452596,Left
3207.045420285236,1019.417131914503,355.3502179408074,2885.575059456664,1058.988663563082,270.51307054666154,3029.3196336185556,1105.64167125971,498.96476204854827,Left
3088.125892757387,1177.8991832047527,478.16396821486,2926.756628393374,1092.4994094599392,313.9429917242782,3101.0609508227044,1091.914870657567,205.08305907613564,Left
3142.7373414970157,1044.0328864324408,503.28452215731863,2965.811880523197,1036.9412726427638,414.39022116445074,3295.8917993681293,1050.153883115303,483.9420085525512,Left
3229.000409339293,1181.0640624103135,311.52715600209973,2855.5259958075544,1068.406998696963,164.73794951143432,3142.4369497002426,1074.2614964132645,416.73953735762024,Left
3166.4618218945193,1439.8618194767564,267.4172291351922,2825.3552436250206,1156.416435452149,538.6774192760117,3020.6065040176272,1246.3371916002716,306.63764724994894,Left
3303.4693699155882,1206.0315639124074,578.3998832416626,3042.55882139055,1048.182186322228,584.85611720458,3010.067291080663,1074.9103445933667,524.6322509990051,Left
3141.2173515435065,1148.6918915790857,410.4504317844197,2936.198933719976,1130.9745848158384,290.34421182491536,3115.7514812620743,1150.9940326952853,500.3192476850928,Left
3226.2528390569305,1099.7616449400791,402.27339977884077,2850.3525141961522,1205.5224726808456,215.96620026971206,3144.778651095814,1014.7682958118152,481.76456989645976,Left
3261.6929698989306,1217.546491354433,440.39509694515107,2873.0495936975713,1154.0621833980015,346.0298654190362,3158.4963205475747,1104.6861020518272,181.50468117557298,Left
3158.90738527554,1321.3993960738217,516.2032172508631,2908.3639296417623,1089.9173137514933,323.180148904158,3150.4448723360433,1146.323017947893,301.672652882286,Left
3252.932011562335,1298.631728880116,323.6108142891004,2885.0526932766134,1137.0851872182623,407.8202373956851,3066.357191999037,1057.7057928807028,342.88917216096047,Left
3230.8186095386563,1234.329529215238,398.4465964899058,2790.862083565941,1012.8010550464701,400.9459226825191,3002.3129429513024,1118.1085630397695,351.13619026391,Left
3151.8217195105017,1202.1358769092317,534.1081672953135,2923.105326565349,1076.3467418699452,232.13027256512783,3140.979072666501,1190.9362682962044,428.5900837370499,Left
3293.2763285791957,1238.127854227001,295.7380152733603,2896.40401913203,1141.9894386748686,407.6809220374673,3060.5538847737334,1094.9307723447102,409.26957138257933,Left
3301.7034413437395,1280.4191041431632,451.70546564583697,2931.6978050147754,1017.9774906566595,261.9232147485781,3092.6516276330667,1183.3266706460643,411.62827387853093,Left
3244.8876748253283,1079.875527035936,283.06769947949033,2989.5907061227986,1097.2289257284592,244.90496968285294,3170.573394097356,1120.6428929072747,616.1171419606195,Left
3300.0000357865288,1227.7357859704387,387.9112351693176,2918.5836406509516,1091.7878263351492,234.89626281427604,3174.2017695776444,1121.9886013995215,159.62345718952088,Left
3149.158141989197,1133.70065287139,478.47121461354635,2896.4755847918727,1218.9925483653192,222.67843250412315,3013.9371106807907,1185.3675621379568,327.58229189460735,Left
3115.309408670348,1157.8662877871188,339.2140582257129,2943.14622778335,1189.4534088925473,223.04646150949227,3076.7378804645227,1101.1395103794168,386.57549076591505,Left
3266.6604455728975,1209.5877684918046,353.61573144106103,2811.048518324755,954.0232582911727,320.31104620491686,3101.152789997138,1173.7379904871184,349.7784710767492,Left
3385.8963419404713,1193.8816331152057,361.33249924739505,2930.4476209505297,1022.3552836288127,366.7126433072756,2934.8722516012044,1154.0875260728906,385.3342924740969,Left
3216.845662603612,1212.3847006399997,298.09951447252297,2828.1102884944894,1225.313993047102,389.56780643831223,3052.2189375822704,1133.6864443654279,412.61687205618637,Left
3356.3587570684585,1288.8280708693578,432.89349551820976,2864.065180632284,1242.6951932109314,341.87610783109045,3030.359046215859,1002.3802811263774,311.00827695615254,Left
3170.8731804666363,1261.2321186493054,473.0548339007156,2992.0855826948323,1112.2381355988155,416.51940240335307,3280.74524606695,1172.823153641654,508.2306059629026,Left
3079.148915912666,1140.656083948278,339.91080354574274,2685.8372605537484,1105.8942618145252,461.3959194249447,3057.174649689867,1115.6353784707153,311.67566425842466,Left
3160.6617884109173,1222.8247874014614,304.33793824961305,2993.922642487545,946.4992645466264,375.7787270469042,3060.68145818375,1219.1315796036602,440.9476073543524,Left
3033.2672686942424,1006.2082714414242,319.8914871530359,2859.8218897907386,1084.879444747264,352.41963266914144,3153.8876814491337,990.7207429538051,235.9562678158324,Left
3220.196917040401,1171.1215191025249,391.73013341418977,2848.653612284592,1086.1432988636236,468.9205522895751,2970.1383763893473,1001.9575641280328,431.3281282014842,Left
3325.392621327963,1183.5480874140749,298.9827314001474,2739.9104043833863,1120.8433957395014,250.05166229185917,3274.0463140510333,1287.3282828724216,398.10410345710056,Left
3238.836936127767,1190.5669806039027,491.3436528995542,2899.754361781749,1105.068540208345,458.83226098434784,3150.0946015809013,1270.4785027133662,249.05363552741844,Left
3155.553406553675,1127.68751879137,467.34233354606727,2860.512771783769,1148.1865590231025,256.4809636701358,3092.4527125039067,1283.7596351802513,511.0694577167409,Left
3049.71744528634,1229.1669171397537,466.1082336731299,2860.5274075418192,1011.8095756266523,402.9590243585805,3108.066034405483,1144.2032694876584,367.35588518739627,Left
3386.4932145989474,1126.892713520815,360.32010101183596,2941.190836536327,1158.5393410926497,239.70290953835288,3203.785017101614,983.3505244144761,380.51196800369235,Left
3175.437869554291,1143.3900151246562,490.66003436964695,2712.2357772581563,1041.5373750155459,277.7788919245132,3169.991792545067,1224.0337052810862,442.0375018835848,Left
3311.6228017740937,1022.0356625830036,413.08800936191386,2789.3573283065634,1070.0027689901224,369.573731891109,3107.569968105826,1210.060303741963,221.70917277367005,Left
3133.141084018607,1081.5496011705384,268.896736233869,2980.46235505085,1114.5935070437774,474.52910275548527,3194.816507013064,1105.4520197548231,302.4306895125933,Left
3279.3433434480917,1144.6717547524415,304.0460947658994,2807.96719122713,1109.7485689973923,451.24238771609936,3104.2087053582623,1197.9542825832684,387.30736540127197,Left
3165.884098651261,1417.6938991235866,545.6835623932584,2915.752558381718,1033.4244217164637,221.27764386457423,3132.108610477952,1079.5590617832675,417.36006494705487,Left
3225.843297683116,1234.902094515385,491.37820915340615,2925.1375900311737,1042.124477372327,288.3561152011871,3146.6501492028315,1014.2538436502739,437.4673756457022,Left
3257.135472857493,1196.4893208675016,337.4861378691355,2757.8929015587664,1010.0828030149542,219.9256006744019,3102.1336873869554,1064.6169970272908,306.34707703757977,Left
3269.808437672662,1210.3462308362848,403.80695428524115,2944.649342438582,1182.916195691218,221.77408099881865,3156.534387724595,955.2850560556363,316.44931671700937,Left
3280.971646285289,1255.297799958048,453.1792716793852,2914.5667924488616,1213.0381245012811,226.73593723751708,3075.587574934808,1103.7879241281437,542.8228126510564,Left
3282.1239924940214,1283.074213014549,339.0923587906349,3079.9729243237284,1137.7446687468357,269.52604567033836,3287.62874376696,985.847343302195,310.5040198330216,Left
3181.2799139400786,1121.5664209774172,442.17689570270994,2922.1410148773853,1109.0806653441862,501.504546535235,2969.2824666103825,1209.3108614613595,314.0278536339903,Left
3316.9731122388653,1352.4171194549112,584.1242431005838,2884.7588573423695,1006.9392424642574,376.2340878467138,3095.7305145337245,958.9720491684268,438.84359907712513,Left
3126.185762447981,1315.3607059393112,477.213087707186,2877.4930086365316,1102.8931489575584,330.5946208593739,3063.40853586337,1347.86485255931,305.1042495001617,Left
3204.427007080218,1279.3177256397455,369.25287483963797,2849.7165769707976,993.6719162071909,445.36282662007,3156.9602395948564,1137.5946891114957,259.29632997643705,Left
3240.286627094304,1222.824352577001,372.95489792839584,2789.8607363220817,1095.4653913392026,280.33263428956167,3106.402782044933,1105.0672050663807,352.9473388951126,Left
3270.561877058871,1194.7159555073094,442.32695648748665,2933.4721865417005,1180.6538517218992,272.8752243421223,3072.3756122828254,1173.7595606110744,392.2826268540152,Left
3290.0644202257013,1259.6194236693339,364.4255938103748,2970.4408752221575,1079.4011409767782,426.5283596189456,3248.301154385152,1187.3275605529163,563.1600733971669,Left
3075.873445191274,1156.1300127686088,378.6924329899701,2867.9767566853684,1129.7958431621712,320.55131656958423,3188.488593981203,1178.7808387927566,413.0778728887668,Left
3119.022936992566,1243.789902330061,453.9432012527162,2928.3108344214784,1102.400567344717,462.02678984274525,3056.129537544143,1070.6642022493766,433.36446889289914,Left
3242.4633038460056,1268.2078020241318,377.2791377987478,2794.8235138479313,1000.9934289972194,315.3861827927343,3163.3940132705884,1163.3811346526281,234.72710201809417,Left
3242.711661746749,1193.021874368127,316.63153036713516,3075.2620025112515,1121.1166309084285,416.1932180524343,3305.4020348750046,1053.5104476895615,348.2567845367457,Left
3319.121252730321,1095.3863220255757,405.917255703308,2903.6972069411286,1177.6144830144347,382.4312714248994,3026.9456105858867,1177.7797061130568,447.61195299485325,Left
3115.9196723030054,1144.9757444646013,357.9354002553757,2808.0527937542047,1185.1733442228037,324.09257670049607,3077.773585292017,1016.9795415175377,348.43689151530634,Left
3318.796130381906,1259.8630605629112,270.6082233654754,2820.823417123806,1150.8480812234586,310.1502318016104,3055.7408352646685,1031.160627734524,273.5144696801231,Left
3207.623149829275,1169.5782473204354,491.23022962130875,2894.6633647892154,1022.7863089579173,405.5044400877023,3207.691785289442,1041.141046856125,243.79392764974116,Left
3161.6827161608635,1092.0072149208254,531.3294218473602,2788.9804351529933,1073.7844113512176,467.88173203609733,3169.697002225699,1058.907092751108,317.3548763858714,Left
3185.4802744613226,1180.7875837960855,519.711884310166,2887.626771654484,992.0024133539725,428.86183892890216,3182.9226313744643,1081.8563177435406,441.77000275927304,Left
3204.0997251509316,1103.4561335373119,393.5140289178443,2808.425763483032,1049.2675939736266,274.88818016335495,3126.6275898538765,1114.918696070485,274.4256513681236,Left
3126.411598209493,1199.7846361402808,437.1494339173128,2905.7792925950766,923.456438130369,452.9523961049307,3241.784935146919,1226.7034149162503,423.5283159934097,Left
3253.758870907336,1147.6646128934951,415.0862934687224,2809.549675895952,1109.7408277370585,235.62456646452904,3146.816141494286,1071.6355223361977,441.3655078199966,Left
3214.605900755754,1163.2352523024406,467.4660778973953,2806.1276239459876,1078.8118081196935,306.9964592836317,3159.5177936894165,1093.9587787444025,401.60149969484826,Left
3242.0376820707515,1012.3107618307633,325.89454778274205,2909.2743968253703,1180.9980719656676,395.8070209228337,3204.8612934447897,1082.2700902391443,388.0544362388546,Left
3160.0160800316785,1165.146219709606,333.5650518571862,2856.5375525254435,1084.7625422753565,297.8756752320254,3102.125991746759,954.5092709404109,414.23470399103763,Left
3214.196547296842,1235.6983028044583,362.9202453200107,2859.342423338111,1178.5888750280278,337.63970170489455,3258.923950683379,987.510584820186,360.21081394155857,Left
3109.8101141149614,1137.0604333991473,336.8006708362407,2861.541417776831,1162.627368871025,258.4884761559259,3148.800939332747,984.728979595983,347.55794625809403,Left
3305.5847494920363,1236.9634231330667,421.7824268393735,2950.408474249835,1146.0780011870388,400.24045146419826,3212.293042880093,1016.9236510063903,374.3408612199713,Left
3250.98150990387,1259.9713828238441,444.6446328525591,3004.5229263536526,1059.9203803632142,242.02238440890335,3201.7909534602104,1099.9357566812917,336.1050879675734,Left
3202.860767903601,1165.4179032834609,480.49663806290556,2971.2133246917747,1124.9386277457193,393.2695670773779,3102.6086100192265,1182.1207164196087,190.93443285584956,Left
3106.5443903017695,1196.8055574986458,366.92180892565875,2823.9587560657137,1149.5974847298078,271.7293053912193,3117.388901583442,1109.9431767917144,384.6157572811659,Left
3133.6652161895445,1184.5467533481412,498.1549552755755,2943.481867579027,1177.0270971183465,343.59344145169763,2963.8173518951767,1062.6825459694267,367.94576478187264,Left
3304.1206529704964,1290.8763098554268,433.98761235521073,2831.477787911969,1110.2757771871482,329.0614805710919,3080.519339433965,1001.3182319497133,417.1123722234649,Left
3197.6125791061063,1264.3505455289078,283.0698905685678,2809.841460583227,1391.7017887288469,279.5959896954671,3123.0066224930547,1135.0204092512602,301.4251569582355,Left
3338.2085685463635,1194.7503907998207,411.9584032536821,3045.4709067984018,1036.7183261373796,310.98872177650685,3072.3589761174926,990.18828650753,402.06715747872056,Left
3237.844313408442,1214.6655967274808,452.4664281441814,2969.252326189916,1127.0962246008633,330.6847130591748,3197.6333315858806,1044.2668903075821,491.70860344416405,Left
3184.563490204992,1261.1842213611867,546.1241581618709,2718.816189620519,1084.6191696885078,317.68413107852746,3236.5909219364667,1067.4542077190938,598.321560148558,Left
3077.7677677115007,1227.960443835946,369.0958504328249,2940.40722667251,1054.7885043304464,313.91744855210044,2954.173757006698,1108.6538937130767,260.16623861719626,Left
3095.2264839234385,1206.9496061837847,390.2920672293595,2982.1671946581096,991.749631935839,383.68096228663586,3125.8000114911365,1075.8103054517917,315.7091636951467,Left
3193.672607162963,1270.7188724666062,370.0995405777869,2967.7836012743405,1078.0953465323723,487.9836454257455,3102.1442800619084,1085.956609685292,251.13376373981683,Left
3085.8278567686352,1230.5032210619252,381.80401314588926,2922.502128662063,1045.228648157971,337.9649453824448,3050.1044159586304,1123.615888992863,362.54687334476273,Left
3349.1721278125606,1144.9538274334677,489.50478081128483,2815.6405632790843,1062.7734258103674,282.67649037527997,3200.770978549028,1134.9591541109678,390.97385336792155,Left
3218.7563969558637,1113.2505318668163,512.2330402530214,3011.1623105913054,1097.2560179793104,351.06085408854943,3151.9308440700497,1085.9796562736067,363.98587951294337,Left
3160.5756424045967,1172.3287416771739,361.91518968528885,2958.3882374494583,1073.7362573841046,315.7308383977921,3049.8542075298155,980.0402633155234,504.81453896741425,Left
3240.6876832035823,1269.3200607684635,357.6081999493459,3016.5760461360733,1111.6162244350592,466.21091906959435,3098.930121959351,1096.4268212943314,337.76363804011993,Left
3206.1989537634904,1217.9987277728442,519.4157177547577,3023.177033331864,1107.1957473637012,447.5230743217653,2882.5878913454635,1062.3766065502962,399.97691223718414,Left
3270.9697310983547,1233.8480732262267,395.51574647577905,2863.080188793539,1036.0187441444282,502.15683382551373,3189.7780624110133,1204.622171775118,380.8484659219781,Left
3157.2424527406565,1244.3755343916437,398.0302840837423,2889.7537898332475,1098.011497090433,299.3638986432095,3030.286768434258,1080.6076351586917,269.16626539775973,Left
3247.8599813282076,1267.084060384641,338.4368812339275,2753.8056050808477,1131.4863621844117,369.07459671101054,3101.6405629810556,993.2457527428592,226.58076308444694,Left
3336.9247491187966,1182.687363157856,440.35193206394956,2894.3400173834934,1133.0832084182605,247.7387218641148,3064.3432458613047,991.5709529028812,293.02776779146404,Left
3143.278404770916,1055.4760406708892,363.10405444703076,2843.128888589217,1005.1028080522054,339.3728717447761,3099.0927453211452,1033.0421187089064,540.9577191485067,Left
3257.456593094634,1289.7325259135614,373.7293343175655,2971.487953844844,1161.246011149306,268.5194383360222,3045.4232054597355,1333.2177852688683,347.1025854917125,Left
3238.9488960251847,1182.8318703929922,466.5117745120799,2820.4331750275237,1019.576608292307,440.7472488191484,3115.8825943950214,901.7903298848594,381.87314804721757,Left
3185.4425834723565,1256.85345871033,425.68432851830505,2927.3757373012713,1106.9971593211972,373.23750025271465,3007.7901163416755,1034.808022296158,311.8151653292152,Left
3092.7072367106475,1263.0603110486359,486.2067142659956,2949.119632957452,1051.9014472841814,307.02975177709726,3064.8100327748216,1189.0318602578795,422.1302266127607,Left
3339.1128205430236,1122.433787429871,381.9491172489711,2799.145608414928,986.6206575139253,337.57921289093946,3073.143520902311,1058.9746411405083,257.2220974268597,Left
3215.7415833340233,1177.2904286404541,473.1892407334668,2944.040201689851,995.0606637824504,381.6553500725357,3052.090541453788,1222.6004565174435,377.6329275288255,Left
3159.718925430972,1167.4767068603555,279.9282249529909,3001.956536348136,1269.5483887226103,211.61624885697873,3079.856562923586,1091.1676266129261,332.4578408889622,Left
3297.4029267711726,1299.7951284061126,380.3725138953181,3065.702575891643,1102.6216642319496,330.6476688700979,3122.3842895616403,1040.317368079283,496.2506360986563,Left
3249.3308999215424,1171.6043212590455,385.1585035640933,2827.378228774967,1121.0007477984489,246.50896368114394,3100.2535955711533,1058.6235668335876,425.3644676152626,Left
483.40546300731705,1262.9550473676861,3190.194353883843,293.23009729181786,1076.0270303855389,2898.669373537856,419.0334975735452,1054.5460215649487,3022.617659219054,Right
413.87413391653064,1308.70417659955,3349.7859682149256,413.4559825598939,1020.778887949993,3012.6874456634046,312.3471836707457,1038.354244543492,3134.208856825216,Right
289.5739778213863,1264.1344148685607,3195.7096623679295,381.9298295679776,1034.1256679610754,2967.714188658087,421.04988926361597,1070.933728064601,3175.62250235105,Right
187.17711398826964,1228.9849209331874,3191.396986666322,286.4000899445573,1114.1767546188034,2939.984061927827,321.0430093309549,1090.437879598244,3096.686407270284,Right
431.43132670803686,1298.1419693641194,3162.8840078042567,455.35342987037495,995.6622439675516,2924.062167774285,242.43130339188755,1105.7421613302645,3157.7803420982623,Right
561.8375402778775,1203.9485358707002,3140.1348130494716,432.1196775473984,1103.2925789457831,2907.867028810657,453.36142428079523,1187.4200113585166,2961.429675103565,Right
404.1239991129932,1198.6883430629766,3114.4344013582136,220.08802375381416,1094.6523047128342,2862.901426365039,322.0241526124006,1089.0105357930674,3071.91806529591,Right
401.40763402131756,1326.1432817310447,3197.589680115015,500.42962171152925,1199.527893547941,2977.4066376621417,321.7196546290705,1076.5251889720685,3026.4220269765005,Right
433.26999301047186,1194.6351062433273,3235.335851416226,374.20195812331326,1113.4277574122195,2871.4472847832294,302.1606716765844,1064.665182927446,3157.329296234319,Right
386.8894018114902,1195.1980132607725,3269.424879979539,389.00610633051264,982.0153727464451,2893.5669639925336,310.2964323847842,1095.6653473405308,3131.221691739088,Right
440.75318709217635,1333.102767702143,3159.934649166583,326.40451490352007,1145.9222394091357,2976.9588843167376,297.486066312525,1154.9373717490296,3153.238316395253,Right
387.97146763465304,1177.5118499436435,3258.611827609999,384.17360442023056,1132.0562394107444,2841.4565533058267,242.21574017737223,1092.4797435145508,3078.3120893296523,Right
436.6518562570822,1138.8389622266263,3250.7757600914897,382.7687263916982,1040.7896613430746,2975.6023155342323,352.56668071231826,1044.2824662339633,3120.069370153144,Right
398.82297913344115,1127.5957291857353,3249.611139635106,349.26762304976415,1039.3429373160723,2759.6827320784932,414.11339031678045,1107.921904190972,3109.5506233072633,Right
510.14595807182224,1000.7508134221086,3301.5365852275836,459.1039168940284,1021.5939282677324,2981.1739781508127,315.0431911958252,1016.5995352705309,3091.8883562293363,Right
546.2121022017063,1228.933393372976,3203.9881125924503,420.8542630560245,1050.2001839703864,3019.801165270251,505.6496476504161,1134.33683031003,3036.938608482266,Right
485.76123803078053,1223.5753626622065,3251.4931427629194,440.925360695018,1134.9147814470628,2827.7969973519857,499.225700357224,1122.3418306694387,3125.9325966180754,Right
449.2076025909189,1224.9386392017705,3259.8358662631445,365.7966940699695,1085.7928430311547,2855.9853532605325,339.09397306903463,1076.9465839014633,3179.1551197732783,Right
373.04855940526477,1191.1138327816304,3191.9150288513274,392.70941169254274,1151.91848266902,3057.9556562621874,268.554933347248,1081.7640291025373,3145.841818387937,Right
265.19024231321714,1339.3072377791575,3190.711328137463,286.48016520460055,1177.6603718874978,2724.159391343663,396.9791811227276,1020.6800886819697,3098.8071553205114,Right
429.92462576508706,1263.4025693572487,3232.906221799132,516.9111361254986,1104.9581727703865,2872.645790020008,478.08947004240264,1094.7757018791135,3133.4571504568707,Right
85.01803256412268,1236.2594527505876,3194.018578408452,315.20793655947705,1047.492306883917,2972.252109710711,216.6665383173692,1351.9331410447462,3192.3296593315677,Right
429.5841996380111,1352.029931045247,3221.9724421866326,278.4025219166255,1182.166453615136,2769.1170169723105,428.0052345476026,1195.8480772216635,3142.797269020953,Right
283.9035852286324,1216.409453439996,3190.152987226777,290.6231137773653,915.0417004606252,2805.1600692311763,339.94129203733326,1190.0442782875555,3320.252392830935,Right
468.5431638839392,1136.939285367086,3166.3169983835983,436.57495978942654,1149.1032466200168,2931.2733701099996,399.04738604268357,1195.9433606175219,3278.8755886411204,Right
400.76819209785134,1212.7023821404002,3240.3535436766106,313.0274234638591,924.5897587142455,2939.498453584176,321.3136735891251,1205.3282490484808,3114.5942224106484,Right
519.7939378850137,1131.3952892963798,3290.495264831713,219.469517762292,1175.0132665279073,2881.020327625633,454.99452980568844,1071.3509102964026,3154.597194425699,Right
440.2107386681316,1230.652402157484,3235.4143188041944,484.43487163940574,1055.0961211541742,3012.272973049669,351.6705292716946,1196.5559518416323,3287.177611878442,Right
336.1342524960141,1027.5173752796486,3213.0980613784595,294.66483719041435,1057.881543642602,2873.658917723454,337.29692022277754,1214.480299179168,3190.0313539448766,Right
492.7282054754326,1384.9708062787424,3138.3382806340037,150.2574834659914,1261.8839130044066,2920.0378334298207,375.54532272846706,955.7668188707993,2991.8643534898683,Right
455.35223963071536,1188.5485942531516,3027.7703698515033,274.76156694421877,1183.9305319419193,3002.293720908276,397.13257174419255,1326.7197581789792,3182.137988321096,Right
544.8212088171207,1306.663491839194,3266.4990646286296,242.86386281478042,971.9712383266483,2840.692027851964,400.6685703588228,1100.0864772900275,3129.976355744347,Right
398.4001681498372,1238.2209123556809,3279.0039035751606,350.6359754054073,1076.9611988108406,2690.2964995286616,449.7773418320434,1038.1330499259623,3027.2685879700903,Right
469.41499044679983,1273.475372746619,3254.3972633035696,426.24059370615174,1012.4751316658494,2881.6641999370227,335.999248695398,1238.3876687013133,3169.1042765111342,Right
380.48467660921347,1267.3164344303455,3229.9763656124933,340.6050383517191,1137.3504956409538,2968.04680618803,368.6278557867781,999.9608583896334,3128.3666087116444,Right
378.8752000466325,1108.3719040327867,3138.5421642463843,330.0433463285784,1102.1731871270226,2944.9350682477348,363.0018197423386,1135.9925650390333,3070.1302559659434,Right
443.65278508183167,1232.2457586244363,3245.533661029774,464.9716733455324,1077.3731509292395,2772.5391827561907,373.7701911812881,1164.7545139735316,3101.995128314306,Right
425.4492170412875,1062.187364820747,3133.268553158316,393.09737752906557,1162.2228264681512,2839.9658669286528,409.36087459164844,1043.1194727555403,3007.804415812997,Right
405.68069637792877,1217.3625920203276,3231.7111103557904,408.40360076213847,1234.1691840352391,2975.8999802232056,351.13210525883136,1175.1751052640568,2982.598597534288,Right
408.0553942504919,1284.2782755309465,3254.33295532164,416.2592657649082,1252.8031501069393,2840.7406078955823,443.5821734570814,1092.5329893261244,3189.173334870637,Right
409.40955736310434,1262.5665102240962,3323.7415606495806,400.4732395682752,1083.2147328118435,2870.585840097304,324.47709621358825,1183.0491388639189,3204.9852766345084,Right
380.45492064946325,1055.2505672149648,3149.3188678396555,384.71905840862104,1024.2573985013712,2743.3203736353357,344.4458541195814,936.7848898653922,3126.0353758071483,Right
367.91404142162287,1204.8213762397727,3303.732532498016,277.36513887503605,928.1677513752978,2897.7310075993373,417.51703547843215,985.6365261249704,3070.5233309660384,Right
372.2242229413608,1202.225583320429,3150.7603698583484,563.0770396083692,1079.00426759597,2914.92192519104,341.219860642491,888.5514954026365,3210.4723001840057,Right
147.45602283586697,1308.545482287827,3094.285818696621,241.28626890185956,1091.2880523572867,3075.6722400982962,405.5682253910175,1084.6993190471724,3038.5813914648465,Right
452.05784986675894,1170.39279381579,3257.1043079818764,192.9218470497289,1142.2753553392365,2925.43932862867,271.18209390050004,1017.389220058818,3088.209904080871,Right
361.0792605078166,1223.202095269804,3085.2257140714405,279.23486340896864,1269.1204738505558,2832.6098570284707,345.91142765966276,1085.8339175916462,3077.72089088884,Right
496.5519535068543,1154.2262432048458,3268.3943429703672,281.56381164998396,1161.8462793405056,2882.873762635849,366.01904909563996,1092.910481521436,3144.019798018798,Right
304.5229890840617,1122.363947242974,3362.97807220186,390.51933485562085,1071.1294702879738,2951.367101764112,375.1890139090863,919.8875895143817,3112.906399488245,Right
390.2500421744894,1227.930763503719,3138.021810358283,332.3638953964976,1191.3700269592664,2887.9324365123757,345.6829355153409,1129.2042763220663,3068.4666765784114,Right
485.4288074621131,1186.0395727109644,3229.0696739854016,293.66985327084456,1000.1761852561933,2957.544643472229,400.95947660680815,1150.9950557864288,3158.9345188343314,Right
282.45910040585835,1209.5828334274495,3039.534528309114,391.5488318561036,1013.149690600808,2937.3845232494496,438.0763610395118,1056.84273078875,3098.1562378804942,Right
497.78529339325485,1067.6881840340345,3251.4906766068366,359.4701303566364,1175.8516283601766,2767.8487073268716,380.282921051929,1188.335714160875,3208.7331437771254,Right
338.4596616395913,1177.6371050810935,3347.3129918693803,236.41493715059195,1096.3401634917864,2914.1939986740117,393.9943643220278,1025.2603006638385,3177.1576238608095,Right
471.08266453368316,1345.2911101892098,3136.562569961343,311.46447640935656,1187.7274828696134,3045.226291958946,379.20206745891886,977.7578977195365,3082.713542224049,Right
477.1771260687119,1254.2481225098845,3289.035677748038,503.99410685951455,1065.4945269644759,2827.644904585078,283.7833733516825,1090.1774215188118,3181.5262484289906,Right
538.1745484814412,1217.5016877175888,3201.1785739240595,339.36915215842714,1198.111003480158,2839.039460962537,371.605699135915,1093.8086766033741,3097.827141998923,Right
544.6574228719738,1128.6422531828184,3396.4218097120547,297.5757010833585,1034.3609125722382,2847.1304107199107,431.89830648337596,1098.8734938937628,3189.697682348235,Right
334.1067975433056,1066.1426748861923,3170.3252531883104,372.3819024071147,982.4196390847344,2891.4790350986937,422.84651001546,1035.4673858002711,3034.0815538832294,Right
312.3860192438007,1188.5237462488963,3236.5061193795423,569.8044520548608,1193.216979582385,2799.063515644892,257.0562028482303,1091.1776498133843,3225.7590002983484,Right
452.5710075353844,1157.8141951251498,3280.1311951056205,460.188155891614,1216.9392334619058,2814.686847216355,414.9935645030665,997.5059148419856,3035.5629757602237,Right
297.71170887560515,1179.0437945419121,3085.11916232488,411.99397604513786,1099.0140814734546,2830.8430366204248,418.8350363026202,1222.4597070051666,3127.6308214843048,Right
353.3071809217396,1177.2916481753855,3191.6704270226387,293.87724972366743,963.0616798896925,2869.7201393309983,479.4176696024332,1033.8207831876523,2945.5731622662984,Right
392.8974491297676,1288.2245750515135,3062.205716477481,365.2029569641413,1132.9156536530468,2942.9485096802287,424.56761804628155,1148.6510547062044,2973.2847424284955,Right
449.2846885727786,1310.2010809216958,3182.2676850794946,379.7135799668897,1018.8467178418673,3004.2383895205276,330.52953576428115,1231.958697795997,3069.6045995135346,Right
454.22122955975124,1157.3265259080583,3350.2202281778236,192.2292367916466,1129.5454782028764,2733.644244326147,283.6178939216638,1251.3594777232424,3172.641692196074,Right
239.15672206029512,1199.5175600142802,3150.4264863454205,395.58371493046195,1248.032583401134,2952.3115217849686,414.7722054696768,1140.6432960793934,3012.5992048094217,Right
456.0907883732425,1273.6876703053747,3151.0115027906095,298.60130417656114,1215.9984365513249,2916.729853610077,289.01456270738805,1066.0731934517453,3063.3985364394466,Right
394.83890618244214,1194.18290737241,3180.057888841176,483.914905664945,1166.582462211374,3018.639199487076,244.42780184212688,1108.8912118792628,3193.982141860669,Right
458.03296116499746,1145.6521724614001,3139.52288553961,426.80150572432666,1082.9988596543942,2951.8641399165035,392.5291618448912,1090.5888819014583,3109.6383744957097,Right
333.6318287100497,1336.0946404567983,3243.854390138904,461.9470116850837,1057.664246687046,2856.757140572908,354.4604957892442,1031.0727203709894,3154.252261941421,Right
457.0005365454229,1158.94928314666,3174.4268539021314,380.12817899756027,1039.7928478162173,2867.2537467457378,504.8390019734183,1040.2738953562593,3058.6542158474804,Right
600.3784106483624,1029.8902403443954,3105.2500338977384,493.78419029852984,1067.2361641472917,2939.986395745426,549.572571341184,1042.6370476633383,3052.6794809809785,Right
432.8629119610162,1193.9341621770873,3158.005803531764,339.33410144041613,993.7497831654446,2937.257899364141,446.75954191759257,1087.0838974118135,3082.094980800019,Right
443.90266749687447,1156.9410693315463,3175.349549241762,344.53330471021764,1217.760926927568,2896.0623653332473,370.90178535866016,1086.868178238524,3069.2964396038637,Right
322.80650055890726,1126.4709356443982,3268.8280947768017,304.4715988919554,1107.3881150070772,2861.898449723921,273.7668781115187,1062.819833763307,3211.7551752812724,Right
366.83346395307933,1145.8901324967628,3165.769803910862,323.2291427029604,1118.2807541095804,2867.0680776610893,372.19220661564617,1060.7266486274661,3128.600078878323,Right
424.9007104974943,1216.9347405947844,3250.650200632306,342.06004422905056,1197.035740309599,2937.2953905783434,499.02683225071047,1093.6230883682176,3121.770050097895,Right
345.4255186073585,1201.2501931664451,3265.4422253948783,320.7602161832955,1219.3740606497388,2902.0538370154286,506.6541162519013,1016.0957484960106,3077.85103898769,Right
360.2911928088595,1280.8505299195917,3251.3682383957503,343.8868611989182,1063.5361716418174,2897.8530162714287,437.9669032109601,1166.8592614282854,3095.230615443753,Right
364.2337630400447,1208.165386095658,3210.3417274299613,370.20311721354796,1063.7204191805743,3039.237773810097,329.6965509182129,1220.9976835419359,3211.4930903395157,Right
475.76905946413797,1349.9250783900172,3244.466966089275,324.665120640306,1058.1542703113787,2846.3138556968165,446.98762082811527,981.5517949669354,2986.211552163303,Right
522.5981237580271,1281.0305036477052,3233.1464712434763,423.86797111129374,1161.9434441021808,2885.05043294771,262.50903873410846,1202.647194278827,3135.6956452732593,Right
289.90264429103837,1211.383701812539,3162.502276034124,340.7711494339555,1073.7623422502656,2944.0966887943205,363.326796466017,1007.6037108516737,3153.8407580845915,Right
438.8640490083587,1085.937601257252,3232.7303948399217,421.0101072677244,1087.8001163192746,2915.0143041738656,318.8536128835781,959.9942414238506,3141.74645552671,Right
392.96912693346087,1234.3682120328651,3181.2176780816426,329.17148491020913,1112.9836137231773,2894.9343069931733,449.30233219987343,1066.0888510685234,2984.448208243497,Right
411.52904045469575,1095.74373746076,2997.2820311244427,262.2576126769025,1064.9129197064426,2836.3244192420552,257.0664773926633,1082.0283720091406,3197.3172685976465,Right
466.35341181624176,1200.6588766516509,3273.6896009956786,314.76853306247756,1029.4402481926018,2954.2767914270635,293.31376278555285,1126.7209114684022,3097.94627646966,Right
370.9802111814548,1163.355223307581,3290.977513405704,222.85086036233332,1121.5197925064217,2876.914471105021,320.686306458193,1103.1154893034711,3125.264264990135,Right
395.2044424817437,1219.6030231609423,3313.1872484887444,301.92825709246597,1133.4359751118143,2760.912193222853,416.55633064594076,950.6447664934101,3150.508954574366,Right
361.98601762995315,1213.1304486440397,3083.5612458151622,351.9218495123941,1165.9210416796145,2949.5878086779753,378.6199936597153,1099.4821921343403,3191.6350079868166,Right
458.87922557680554,1150.0190381124796,3153.613611643464,295.6106994705141,1097.1480673689973,2807.1465147900612,207.3302543540564,1082.5354211438141,3120.2305593263595,Right
414.91402103702734,1286.799220490566,3096.5997115197097,308.9475229349713,984.6059239359633,2919.666376165483,371.6333660035259,1061.5340735156185,3103.3153597840983,Right
343.448992642853,1118.2376916176577,3326.440629389489,414.82763438484926,1085.2669132997705,2776.6845637377905,362.8564716047247,1145.94009365554,3113.59073858054,Right
480.73145029660196,1298.1502617869796,3193.236137018456,312.5532680114534,1060.4485424473985,2866.922064481202,452.36397087163084,1066.0681241093546,2965.53771785063,Right
437.1973017917113,1192.0854278375814,3162.624880082582,192.91937675451555,1193.604200818641,2955.7080464693595,289.0494279053395,1112.1418874608166,3013.3014595496106,Right
291.1517576449385,1032.1036427619927,3262.3467372613945,420.3932992004261,1075.2128024153205,2895.2127540681763,520.3947854313789,1039.568348578624,3005.2197719111855,Right
410.20353289482955,1243.9599520367096,3176.249216785987,235.9131725270156,1038.6230138267936,2954.8004581522946,437.1802224968638,966.3448210649549,3002.1914907896353,Right
321.1879532929023,1197.9642545709507,3376.545463499108,327.1342677722435,1104.968403430203,2836.228381317666,586.8251936509263,1051.8461954246263,3059.060133626516,Right
412.4974690922325,1094.0508533513025,3264.701157047151,349.3336026998551,1032.5823724361649,2852.33534451418,228.4771333035292,1055.5556125007297,2918.0300955698845,Right
363.96290229119865,1160.3540888200437,3152.881569578386,303.3718864057525,1032.6416771091895,2998.7225504102153,495.1385180909134,1086.4351719183771,3191.4938187299417,Right
375.48006569564313,1175.8053913917001,3133.697619584394,405.7973864752504,1149.4450858520463,2796.762248817905,392.7982480301724,1058.6380472634228,3027.846289289115,Right
397.94423120910557,1046.492846759705,3165.2848235839574,501.16128098491436,1134.8538662465107,2809.1538614349943,424.26966734593987,1107.089243818201,3074.3351082750305,Right
353.1386133259045,1200.0550932945746,3152.6082086186393,336.1441556608046,1159.1601573275852,2965.2571445381186,276.28292132524587,1062.5288054008113,3228.5528023717798,Right
543.7235342231592,1229.5814165282418,3328.7659268334355,446.65489993184906,1089.4409125239608,2740.2964141151256,375.10632066330163,997.4250616711552,3110.9099764265675,Right
539.6957127443768,1219.896390585762,3137.186709243482,256.45329141270224,942.96375314172,2747.518095193179,510.1413267250236,1168.4766280017739,3089.5169309959233,Right
387.7625686198972,1195.842413082694,3199.061517606289,461.36933625306915,1131.209879802959,2741.404909143086,464.85314920171817,945.6147422652091,3067.504510494994,Right
289.1150557447068,1203.2287036894188,3099.4288623430157,239.77688655857503,1016.2775325616356,2965.104950465144,365.1419882450469,1153.3751433259395,3208.8239462339343,Right
419.06751339379025,1245.6082238675087,3122.4411071249447,343.2351173470225,1008.0924597432269,2944.3056022486794,452.4976205134987,1177.2668251732662,3097.7414611248682,Right
471.6363605839193,1188.373463975581,3155.081858194499,390.16441305118633,1158.0766916162806,3076.292955573476,438.3304888167462,1011.9250769882165,3021.7508400742076,Right
295.8633664099226,1206.1898859362082,3112.0252138922333,458.9862593017104,1076.6793852224448,2951.340344798428,392.1355209595266,1127.5056451211776,3017.0792511790355,Right
397.3209127317309,1165.8105759272592,3191.8972036989912,359.9751111844158,1154.5178770235707,2862.7554216633316,445.8884113132649,1126.3386956613688,3231.1012570080843,Right
134.99234021667849,1148.5856311047262,3300.6861296963943,148.30022046347318,1218.7708806270505,2906.576550535728,216.6216281202301,1158.0472612614722,3015.794114312988,Right
326.9751989399898,1317.171690647364,3169.0481473574355,273.251644732424,1260.6368896394342,2974.3259971434077,353.23449001502644,1036.8414160164853,3083.6832104047135,Right
526.1833747750927,1121.3994956564395,3098.0897446059694,451.96400253579594,1077.4302270503795,2908.0365201998,421.99028184515146,1068.7940860763433,2906.0734810869308,Right
383.0264929603315,1299.2836917625439,3373.795837233601,340.5704473600142,1097.706389178475,3009.2372539884204,427.6561577554261,1123.6333212835177,2941.669466704997,Right
366.69197022750495,1217.18021818942,3078.876611364715,320.7161502466572,1236.6811691000237,2879.4280025730473,265.2511452553383,949.0318870772438,3099.0969950449753,Right
353.7821286073984,1130.5186473790734,3218.2007655329426,372.78441241640974,1113.9664214034099,2928.0392144281486,281.68040738499406,1048.7598477455565,3073.9071275471874,Right
395.6941467823259,1279.1658759020693,3141.7446053589874,287.7943519700123,1218.9907354423156,2912.6760050806924,268.1567166419726,1075.1222448220692,3001.104858575257,Right
309.04287604552144,1093.2590029588503,3136.32190159329,514.7773563820201,1180.8384549947282,3010.533649159424,467.0088823663539,1089.2095259901996,3132.27505529595,Right
408.2255924251751,1114.5540539827489,3107.0054698962063,422.0280158165889,1002.52845582195,2916.074156552433,432.1681833572942,1160.2189183742187,3129.541191700029,Right
303.94181190398206,1243.231781137113,3188.938831978502,271.79590175346686,940.899695278866,2936.096615925605,255.80450601372917,963.4137357949211,3239.833326878754,Right
303.8902621345784,1166.4017653641442,3205.743506164716,355.6175205809699,1018.4553773513262,2843.3339608912906,444.4522783695111,1077.697244681062,3098.148246424616,Right
226.9917892813903,1154.1042389334752,3268.592982307294,291.6637844151171,1023.8775890486818,2929.9922780161237,427.8926505162561,1126.699219844835,3054.6907408322054,Right
459.9700337633322,1330.3175438288258,3293.59723127984,224.9333607180385,1334.3595974673174,2793.9518061125755,281.9267476677879,1124.351575936483,3092.4511840475916,Right
428.90802797994394,1304.931368730288,3274.4409971363757,278.52175054310817,1105.7653832813805,2980.8966561394013,464.23295298011305,1189.9563112883845,3165.39600381172,Right
456.6321693305597,1158.91875881178,3094.5457813913345,383.7915686205517,1063.6777244528837,2999.561128508416,310.1952090375769,1069.5048896670755,3065.7520854852423,Right
477.3579304612494,1260.1156035601261,3201.825647467344,373.3614744028195,1229.1810341081905,2758.9869727631135,439.8429328955647,1186.3980585448805,3197.141937986867,Right
464.20005464752086,1138.0869050395117,3156.8767863483104,402.97430078305024,1052.8561569613635,2884.132642522111,259.58005074150884,1004.6043609646275,3127.732669015964,Right
365.91984603051225,1139.3000628538427,3184.9754809380656,374.1112736183741,1079.100086466727,2913.8062761325523,387.078407820915,1079.8798145537178,3099.0919102726675,Right
329.0186402286913,1159.872438159724,3053.0342471303425,256.68565524977873,1005.035900869356,2868.0893125134753,470.42584381253107,1099.2773815655798,3112.037276046657,Right
324.60448463877924,1222.9689252017401,3335.6621028428312,343.0207135946565,1034.021281980548,2806.730022905713,401.03227852085087,1024.6953735128227,3157.0710069784845,Right
319.0146378036307,1067.5106085341333,3238.3962166759143,246.50375442799853,1148.4907670408745,2982.9942348551704,332.5749653511769,1116.6643806877664,3211.3726461923566,Right
362.81358967761145,1327.876314946039,3173.715410210273,274.98324734886586,1107.8035345480707,2918.0101570387287,470.7491236773226,1170.9131677765802,3129.561902214014,Right
452.49470116697876,1214.4703313558666,3263.3684647985574,308.5034414288941,1013.4987665230053,2916.68456535572,595.132538047635,1164.6144213137475,3043.998724761827,Right
511.5128850102467,1050.8409857514296,3179.8481644992476,381.7937872043001,1046.1410339496474,2852.465070111246,366.40008006257347,1056.599865648331,3037.268192929632,Right
313.26230760313166,1075.195439489401,3122.6870746143936,341.87593524996305,1180.5096971015746,2846.9282987693414,283.0645262920154,1228.4357356733078,3008.539408247451,Right
407.56738257320853,1125.089689543652,3142.4861520968,380.9252038879454,1136.892593928403,3001.6809456100736,433.50092435284574,1112.3225700453686,3149.9657749610706,Right
317.58060656569694,1296.8415695961332,3242.6132697348953,389.18337320590734,1147.8806211167837,2781.623062323735,289.28549888091885,1110.5826863251332,3111.594945415861,Right
446.00310124693914,1208.5261821310005,3185.2390019787454,450.62280185067067,1127.965625521403,2959.7328132077077,475.6165842109215,1201.1168509905847,3125.4151422746504,Right
458.06225295504214,1221.2803170282398,3285.8018655418987,532.4499358265514,1016.4084443956219,2839.7812414909663,506.69474356410933,1114.8904142124215,3065.607753541598,Right
344.46992856892257,1274.9943622615754,3244.828927099306,510.6197622513854,1092.7043231537086,2972.1262915781413,512.3111861915851,985.286693442788,3015.728727562395,Right
421.71385860375335,1154.1947016943025,3166.281371787071,297.1262352923281,1088.166212378896,2827.678006011711,277.6205012167958,1130.814188916928,3109.9859082213084,Right
478.30964794325735,1241.755919895509,3233.9162595362122,410.23127619398997,1026.811404349272,2860.1237404320336,401.98908860668183,1174.7901485316286,3151.7243909980707,Right
383.04178425899084,1185.0969442090984,3219.9889647731834,257.4892550376534,1167.8849149720863,2961.783313145682,454.3233451220959,1179.4747526400697,3179.830961547601,Right
249.2754286969405,1218.0219982612496,3085.610905156637,273.7842238092387,1089.375477839061,2994.6438082328855,406.49231371628576,1118.5147932330754,3242.849827954724,Right
419.28179869216825,1124.02221611447,3088.489878355763,280.16555373434755,1108.951829027004,2776.74819962463,415.0592843807024,1124.711529042626,3042.3986594001044,Right
408.33040097717543,1241.3187503111044,3149.4448897739408,408.62429532434965,1042.6627076916986,2947.0013724823843,496.6111023957552,1125.7640130815096,2998.122498574164,Right
407.09696677955384,1206.4845785676496,3131.103055992028,249.24052562792684,1069.4698838219797,2969.4684345964374,445.4308789893073,1195.9910808311388,3096.411974859525,Right
557.1692242521856,1132.3078324585967,3235.2651095093347,330.67178374882565,1219.31232142066,2902.5801729707455,297.43324685968787,1119.347454067193,3010.240186122644,Right
330.22017206416734,1274.1089932126383,3198.3750531962037,418.4473308333977,1030.108105027653,3003.742879246159,365.9742802226394,943.4105375052568,3028.343167310613,Right
288.2035807947117,1082.894770518321,3240.839592608757,379.25266010279495,1147.2648443256285,2841.0172351017595,422.53669723142735,982.554066941781,3061.368848252323,Right
387.2992777260529,1154.3747240476164,3208.0368063841306,348.18076194693555,1137.689391791826,2924.281606077826,456.42251749862965,1061.5805958077704,3152.1212680246836,Right
422.1982432169864,1219.4471463493373,3210.69748293018,177.48166531943068,1253.3986708664195,2826.77468124128,316.28421902332866,1074.216114224977,2995.1997657900365,Right
539.6707238556921,1150.423950540495,3145.29477466971,283.6257537437413,1134.9631356740183,3011.6672609499396,401.82002190579703,1038.0647997169465,3205.822455939599,Right
422.68514501249155,1142.2065447389652,3194.238671710883,360.5070790230504,1118.9660760964703,2900.1293520874574,381.91334158962286,1249.0245404293967,3326.6966766785163,Right
413.8411665294384,1126.6230076755467,3115.981553684079,415.05046166283665,970.0748992233366,2885.4555591875333,411.59555137260554,1114.5337877141085,3067.627405921938,Right
547.0216513863626,1263.7003327381788,3162.332576034291,412.66068682439425,1085.284098189506,2858.6992907986687,347.3934003573014,1194.6016532722142,3055.275908129822,Right
394.2955791052119,1281.6035851054137,3224.3288279164085,369.2326379455746,1046.775249296806,3086.4682078034302,445.46367171795237,910.5160015299648,3204.334734384246,Right
297.11447908306843,1090.2371598392726,3144.165196509884,450.6285520890201,1078.2065000339805,2916.849703661921,246.3993894720758,1186.0398653857435,3078.621115013594,Right
296.85683138306183,1225.9855646366336,3239.1897659089855,356.80183171070206,1203.3138229722563,2946.6903898327037,500.177614445139,1095.6170035406847,3108.764525117855,Right
469.13429447681926,1292.6919275283797,3173.3517550931283,500.8670358984483,1109.2283456545329,2900.3869887003607,415.3472422221009,1031.5428536410088,2968.3197417689908,Right
564.4611767293551,1285.1407240362678,3126.0839005915327,360.9677619475475,1149.8820876863438,2860.963098819963,494.6498350693892,1060.4389853526873,3179.3918530186993,Right
349.56562384276305,1240.57381913423,3323.9888400458844,387.9542592453868,1060.9534650715254,2917.7333248008867,437.98847167072336,1065.755769924679,3068.4059952059965,Right
540.960663768038,1311.7566735850892,3146.9390401159862,244.5350381988745,997.326258831015,2810.817178616058,357.28348450953945,1093.9425995207878,2989.299436535676,Right
412.36785821777096,967.7432502313966,3211.1864182080285,478.6259377123198,1002.7912409633715,2669.6257166783153,393.323935780253,1156.0539418748424,3067.326639244174,Right
418.2986798962273,1303.2856937034537,3335.149468073425,397.841262240601,1001.1199510328305,2913.5532726553442,299.9770230384716,1098.7553649936808,3080.688550071223,Right
354.323626563963,1322.4926030307981,3181.7864349744677,231.523665090644,1130.3635469104152,2954.8886484038335,384.08393282973594,1038.011102909301,3065.4081500648845,Right
352.8948353810139,1159.6258273887731,3143.8572981730126,332.31677570664897,991.5358665179207,2919.7419166096065,317.41119103501836,1170.1674853085763,3130.5000962276026,Right
520.4617682356131,1090.8573216214706,3312.896408327797,340.6743996412035,1149.5123842875564,2971.1802287424584,456.8948400493797,1104.9271962016655,3136.3659854579655,Right
392.6651343709346,1258.2111322065412,3128.658019588231,382.3640333786889,1223.1517541157068,3060.5162116943825,465.4472402843952,1216.9084669514777,3141.8885978677617,Right
484.3050281224484,1355.603157284505,3195.6596910526696,222.98046552098384,1086.3750508439864,2914.878437818566,314.0856887250731,1004.171462933372,3060.5613219122333,Right
301.59934606477935,1273.013019735169,3336.3741586786105,404.03040942491964,988.4328349421633,2916.5659578541595,311.33735062666636,1122.3791141528432,3034.1487516821303,Right
478.62792789444717,1256.1859330379677,3174.352004384745,390.35737208086266,1105.0559059635514,3038.194317059958,227.87427420690736,1133.0314309861008,3199.4405255316865,Right
370.65675846217243,1160.0727991533372,3214.1840609781716,276.4211988700757,1057.0732425176427,2818.064929833423,365.7977554316053,932.6419500623439,3051.778046325083,Right
444.6765993147423,1169.7166836107351,3167.0482287711075,421.9172768104516,1226.2235671823091,2841.021692937376,476.39562968024256,959.9607718502615,3032.333969998508,Right
442.8636288634991,1220.6140097844866,3209.5287623440736,419.1885424474488,1083.78241110356,2961.000362080862,340.88157592299893,1049.800899627968,2950.007708321562,Right
454.1087474899388,1130.574569291592,3280.6024922415872,430.77485475114287,1082.2247879569925,2906.980118971699,395.82532389403167,1083.596579219292,2983.3121180007424,Right
515.6595651396755,1154.5743784547963,3242.3575825926337,373.3087197152509,1123.1728204505953,2917.514885077053,452.9666365321434,1030.3415867944673,3179.365781244603,Right
413.2689865364178,1203.1382862025991,3166.7923205271386,346.3675186522874,1146.3327153424782,2806.243960137721,242.35368237953608,1078.0182675627188,3156.1674120042794,Right
376.0764755972253,1309.6946678915056,3303.6820299361366,462.20092509371136,1216.1832322138891,2921.08404589443,425.3556723514928,1045.4323700070397,2885.15954536649,Right
432.43132461961807,1138.2610529877772,3183.906358708222,151.16732392323343,1171.8030814197953,2883.860064672601,332.7400744930316,1007.6062013200301,3034.991499934571,Right
332.2480271963564,1122.316915549684,3086.957289654787,333.2155069322093,1072.9488810319565,2968.750394155316,239.87977057717524,1064.334521396834,3028.6919062413613,Right
427.27311667920117,1195.809385667961,3267.921856959507,497.05444584629055,1100.0853253388943,2942.3996509626695,320.02972610866954,1089.8535836083367,3101.9885763507064,Right
571.1088722514239,1108.8351617095752,3189.2755915267408,351.55608412838484,1039.653606293863,2928.1955107235813,381.13389334649526,1109.5624025613774,3042.225942167082,Right
458.76710288395697,1125.563818856498,3170.2283009932553,417.78852155028,1211.8308966957552,2839.981550466613,429.82760945647846,1093.173259801961,3183.5189797475614,Right
408.9168956183292,1335.7642751133956,3322.608942667605,272.1407166536977,1073.857059951898,2839.9598964214065,373.53478467125456,954.6192874343303,2966.105272509955,Right
481.58414969201976,1227.2591970294332,3260.278671166756,277.62552523900365,1015.9122147143191,2884.514795318247,490.62721465130977,1106.0326110676097,3114.6392568128963,Right
494.22210393671276,1230.3739832331103,3214.557505339545,384.1916452956094,1084.7450975197023,3025.8709547591343,371.65112236902695,1042.3582559149586,3154.5283727872074,Right
475.73389844121505,1162.259702561623,3257.9186256089883,436.12297327128874,831.8620042038175,2762.025976360443,412.04053089458387,1025.5553811167797,3234.9145533291667,Right
425.9249166529265,1191.8715760752207,3204.9412106879395,319.6098425202728,1048.649025203334,2909.746650524583,460.2336474687323,976.2342711726907,3119.262807551068,Right
364.03091642194966,1206.8869493000784,3139.856807130857,361.5073064394511,1014.2263626135295,2898.3767653597174,359.175774771059,966.7794091556414,3133.461540929574,Right
175.05141700954846,1169.9451574227835,3080.7530262569426,370.56067338883435,1073.1160372732813,2965.356886267375,363.8314619763092,1082.9624332169403,3189.6479796877293,Right
362.81439634442916,1197.6246999991376,3314.1007449355748,402.9524483195504,1258.630804270258,2936.7249769291748,337.62857766606,1185.9240203087033,3173.7870179120937,Right
378.1503263242173,1243.2084158342773,3193.406400671794,389.8459003441318,1102.6088897378322,2889.6072496738457,515.1019982581404,1136.4978747084997,2993.5580525212067,Right
416.6732283978442,1176.0669581656903,3225.0414185289005,369.19422193470723,1129.2999638395602,2764.1276234812535,254.56722622540678,1212.0472665809298,3097.868765947757,Right
507.04805827115894,1242.20846580754,3157.352129901817,214.91804377133502,1140.955821542399,2941.383915443141,520.0944117098499,1083.7985911884139,3106.0905342901265,Right
255.35453200279724,1151.4505851037884,3219.675582405111,321.9362861648209,1030.0835842289293,3013.4202515244942,508.2144269352433,1014.5480801304628,3107.913945928172,Right
365.7204883672097,1318.785515184065,3218.9963458300194,397.78255669561463,1025.1972055338188,3006.1998596622916,356.08380664645904,1249.0338391737341,3187.396448391734,Right
347.92325683009574,1242.1535221599436,3219.4737067915976,332.2960569619779,1159.989835718047,2897.9622232308893,382.2504646817103,1049.4766782946624,3040.447319355831,Right
406.1287557036373,1214.294183354433,3286.06995975466,241.6343832141289,1108.998795785604,3027.5105559881563,325.75715534148884,1016.5237802045566,3025.8736350440827,Right
463.31727512156306,1098.7069385946902,3201.5599437262777,296.4647930247765,1053.9620037103737,2875.496378039623,350.03531601634415,1070.5950298846026,3095.682918330475,Right
421.5159513684198,1163.7191842677532,3237.6485032142396,311.6315830375441,1063.6725133713828,2903.3487029749544,242.70161186966632,1034.322538323158,3046.560844530789,Right
318.1755081797813,1181.4745125606908,3141.340890381054,277.1032448776442,1181.2805787954928,3066.5969910502517,459.51489747858716,1123.8487121705284,3189.918703484961,Right
425.13459495981357,1179.14488680837,3208.921120857398,323.1307461618456,923.6146492003902,2832.6902715103015,313.67946319856304,1138.6876156565577,3061.5180291536103,Right
256.019895238291,1197.71337954671,3222.934789243687,411.54402296195565,1129.1439505488415,3091.2472609843658,310.60803388350007,1205.3735828242184,3173.6818210762126,Right
349.1699054173287,1189.752721377723,3140.3093694818667,340.08710058026185,1064.5551539214705,2864.410074317782,379.5805372568844,1017.1356546432421,3189.96310959244,Right
470.2492300384297,1144.3778809460491,3269.015010164828,265.88794528086305,957.2787144831852,2925.191572246374,423.7235413866952,1040.8523910216798,3142.0952901627356,Right
556.8387727970194,1440.9901546604356,3130.164595602198,376.13208828923655,1001.7145321601924,3126.5188219397305,345.13314917071665,1168.7992767821847,3107.556701223294,Right
315.43504815948626,1183.4531504902418,3091.7095446537483,298.8044907112796,1078.5507527770906,2917.9956208864423,198.26164162017596,1094.751366810302,3304.2396977257645,Right
323.8613210047019,1226.0682091624578,3166.1476800161813,124.22262193637152,1020.366658576338,2845.3214468622764,447.7590126260539,1097.1936098905535,3082.375459320678,Right
453.8579591020567,1210.3310283946025,3186.8050838348418,403.4574715488819,989.9007213447285,2883.5006968838793,480.2661173128304,928.7896334549339,3036.747823975219,Right
412.5052238376123,1218.3301328667876,3173.093857403889,384.3936385734777,1029.0760140719387,2978.3559977579807,395.5756541874313,1245.214783816213,3167.727728604517,Right
444.1273096082455,1313.2879193567617,3135.741410465175,326.54182913108286,959.9847922871514,2969.6389780815957,512.3333202409647,1061.161009168753,3002.628383120687,Right
489.98695590218347,1141.0155095927737,3159.646025724579,473.1604630913657,1071.3008802107547,2885.0842844102795,508.94815321307624,1147.2704497583304,3014.8774507960084,Right
520.4238827264455,1060.691585339608,3280.59901090571,389.21457522572456,1058.1283072753552,2837.688136622762,291.0077640140222,1238.3200089728157,3109.954642205404,Right
349.55025396392807,1245.9132920097425,3296.368890226362,375.5078477475717,1155.7586886975998,2976.3209139215346,384.7000787497205,1125.3272413895186,3090.7699783176126,Right
320.61213860174803,1098.6386771650602,3236.04960367119,293.32779087487916,1098.315469172819,2880.182629265087,457.62272366684135,1122.3970674933894,3124.517652729912,Right
377.0787357375793,1188.9595684153464,3172.8077919167176,369.9681837932278,962.0723988570152,2898.4199739180194,409.4045366086144,1131.4609417195356,3013.8006816345105,Right
366.3114581817389,1169.5380027322708,3156.802261085109,252.6507520418843,1013.0854200329829,2900.727559493978,410.838650655043,1111.8394459336637,3030.281365185458,Right
430.79867751131536,1184.0966111296123,3160.3577417974784,275.9771919521214,1059.251549251065,2957.3580827960222,365.28218218956863,1090.148851832144,3019.9178143165454,Right
623.2337350550031,1018.8040322528132,3037.7668588924635,308.0127844014578,1115.9531050054309,3041.8826089159006,421.1023608095169,1124.0657899524133,3173.5714397575184,Right
407.60627193532764,1043.5923450505231,3220.3872832661905,367.3839901166152,1273.5726133560993,2842.323087600872,480.590051300225,991.1855212028754,3222.622594135634,Right
410.60729885315004,1266.9589280352927,3256.304960375812,404.2246456480593,1107.8035750620568,2847.521493136464,367.22461810938324,1038.7654639429975,3090.984186625822,Right
271.2910816688737,1213.7789202298113,3278.182689732305,446.15258030702313,1205.1052986158945,2912.198027435087,367.66778331379555,1079.5806677550563,3131.388748217611,Right
457.3685453545457,1227.051313130682,3092.3666871939195,460.24423589051423,1138.1985252357827,2979.254899431662,384.1539936793058,1079.1205206566267,3255.003785181837,Right
314.41337122246523,1064.9488669432492,3359.6637396789138,369.231518544843,1065.7304444020647,2853.1971399455656,219.51356842648462,1249.3816744255032,3156.4504186399454,Right
440.79926244461825,1265.973815170527,3126.826793226498,386.6715438142407,1186.8570878150535,2723.606106668205,427.67712500898733,1159.7660925738264,3108.1187699103116,Right
329.1546576570431,1186.7550522361823,3163.345108423011,379.0273863196237,1057.4325740157947,2961.1536108859386,338.5330233412269,1058.4124921895095,3193.4826820404032,Right
387.14116504375534,1242.5292488142761,3096.2071675755174,471.6701891088758,983.8261738111436,2907.754678709158,362.03623603841106,1038.9553772395498,3078.0488569777945,Right
498.809764120815,1339.115679609257,3181.068622889796,321.4027618547094,949.7651820850225,3037.2093815632,294.71411763394866,1027.206788724769,3108.384845415711,Right
458.72447704703967,1321.8608850188893,3373.9687800050497,410.30687918860434,1061.5872968419585,2847.4557927072365,365.71996755722904,1164.355801034059,3176.3912732409412,Right
449.35414885227857,1048.4440284196064,3154.7067525936686,466.53507609519875,1057.3530552511527,2893.57311456888,598.143904642425,1094.085342633267,3213.8746181390215,Right
547.096892465672,1260.65401368119,3165.207374558526,167.59784894977093,1031.28505416378,2951.4651782994324,427.35686879702246,1193.7816565525666,3011.5310276868995,Right
415.95579227080736,1035.9912714541042,3129.375314069133,392.3442863132473,925.4204527951026,2965.336474277921,526.4514870865524,985.1130106214615,3079.290357232407,Right
537.4778009536694,1240.0508792774297,3231.78688418476,358.60063164317063,990.2556548777081,2889.053129332563,482.93330179077566,1106.9580485119004,3157.735492957092,Right
371.06033957065716,1130.2848210399507,3165.5025772959298,265.7573681744956,991.015328970652,2898.408076994119,361.69792024041965,1024.7684468613522,3155.6855356103606,Right
325.4730614137189,1234.0470124187352,3239.8703829568854,483.2767108636881,1127.3641775146018,2963.167225958961,385.9767713440128,987.4250604857914,3168.4578102341075,Right
534.3510375795129,1190.057561323208,3367.5021319349466,423.9089422972387,1260.0784488744296,2885.5048196908983,309.2263338062704,1104.4781948659372,3041.900976222024,Right
415.87646686720103,1180.6690799978226,3213.160949312929,342.79636769438696,1022.0596828345155,2857.6475078895255,481.5300055026213,1094.9197454994403,2992.7338959017684,Right
238.6558082094677,1174.2059699904835,3222.303948488935,255.5825220840547,957.0140604382332,2944.865395093212,635.5290428722178,1169.7597533961102,3020.271170880364,Right
390.5875213708678,1190.4922315926374,3098.25794344631,237.6681795786444,1088.5786455375526,2963.213074497204,400.230239421549,1045.336155600579,3140.7535436215167,Right
441.7006872321882,1121.3857014092418,3102.5738501749292,401.61413448324333,1190.897494210973,2932.43294122166,474.3384595360254,1217.3596465970716,2977.732195842181,Right
438.2898995426973,1305.277007566488,3290.6861304746935,464.17759975006373,1052.993664438134,2954.538379525183,442.10247129288814,1052.146324215712,3115.254657629699,Right
293.4626601855919,1132.0927476717882,3226.205573102538,434.1132524543777,1099.9365409756656,3022.728352336508,499.1459354865029,1021.3735273668462,3091.889850426785,Right
359.72408948865296,1265.8601708256995,3257.4522297774934,286.50340706651866,1173.926922613776,2794.346937856337,474.2279085734449,904.8662260006588,3085.6705366303295,Right
343.3663898826228,1254.0743044325604,3220.2040056182955,174.6775107403725,992.3676023716772,2853.028076980373,474.70218025669953,1230.5010362736923,3154.560527027873,Right
513.8359919450932,1139.7513837951315,3233.328466835775,360.15850707619484,1013.615208940764,2871.96863463674,351.452135451877,1136.486936745278,3139.631423192249,Right
356.12494813517986,1157.4498560746301,3047.9499329405335,390.42512419215166,1091.7271154118794,2897.6807626724294,423.66439824519983,1060.3701028249416,3022.8935180968833,Right
351.83641386543235,1172.5069708346514,3217.4109507992484,301.53273160637406,1064.738939187043,2793.6327977873957,347.39301518542175,960.2353652131727,3047.1385185583413,Right
443.1971473733625,1213.7118781015831,3187.5045579375783,332.0350162228144,1172.022390813458,2805.725475139489,415.37941801637874,1042.6827224459992,3122.259178137055,Right
387.83288475263737,1156.541872062315,3224.984997814048,298.30254565012103,1002.9650633041067,2861.3584344886854,279.6238953811941,1111.6133646775825,3051.3679074161923,Right
298.8899063505215,1229.1426056693035,3232.14480967747,335.2372842590588,1076.6177568468286,2973.0636154142217,358.30658471052806,1120.645248343246,3009.200588586495,Right
444.6068616481933,1188.564891248999,3241.4589997792996,328.1502028444845,1039.7621784961186,2803.8391355249155,363.49557508257686,1063.248149361879,2996.2239244823613,Right
500.0717752196291,1282.0502443140974,3037.229901760286,178.8815241978907,978.4315998999909,2912.522828473661,594.3766764506879,1005.4531022436812,3074.621112918342,Right
506.6331883975536,1160.3739998841154,3289.27017996646,424.7306262645253,1097.6629333604324,2970.565006634718,454.87320291833163,987.7691320326012,3086.0326662196103,Right
349.67011606849604,1202.3720855365445,3102.903077919016,270.28320757454355,1104.4620300690542,2899.4151576731624,490.8466336344587,1116.8337337868352,3214.588011208952,Right
504.82873114327504,1291.0277534965048,2917.213897809667,288.16061481716815,1137.0763832016064,2794.1452289207737,337.7691242609014,1153.48628794223,3103.802997345524,Right
372.090069640047,1338.5974346059818,3166.2309709906663,438.9063945681501,1096.0255032441194,2907.932535149515,351.3173798997561,1032.7516634833567,3082.270987293212,Right
290.74569524225967,1248.8906918235084,3209.0456951879014,314.79275605221267,1163.5538949363392,2816.6217214023,222.59051633531524,1133.714474293049,2989.8045717509453,Right
288.3757122114713,1213.037025428679,3277.304435100606,287.7144609153539,1028.6237989579631,3020.501004186603,267.0006424656471,1167.8348634276508,3134.388296420054,Right
341.9406345898012,1189.087739958059,3131.2029896465165,296.7109946110012,1087.7768127719783,2843.446811092852,248.19393815283087,1156.988574511805,3051.6541134568674,Right
463.7284434087642,1187.6825952854222,3425.0230520386417,394.64694609421025,992.2921564662258,2790.227568214202,308.2897577367056,1065.7139070491678,2967.7929671276256,Right
309.91901108848873,1201.210143412118,3074.9557140160073,342.00341889393513,1118.6396441538297,2819.6097010242597,428.3166483579312,1106.8051357609988,3187.466829660338,Right
453.1767958789908,1182.9898725054393,3187.3979211047044,386.9452426798506,1130.2207772844754,2764.576139961154,454.12315323777165,1055.1224791467894,3190.7226902050534,Right
414.3309520414296,1148.032949208004,3199.982267286257,465.238204996567,1040.03439687318,2763.233206529147,359.5452620422594,1200.7507742066496,3227.053044043919,Right
482.6188714632308,1030.3798547910321,3181.02986788341,311.7543772303619,1085.8839028733007,2812.404588435429,357.9976935209451,1005.2720361427031,3285.607770104851,Right
404.7940280868807,1158.5988852257456,3100.838693925079,426.63082930629935,1146.679004759322,2992.9583260780646,407.730308116575,1062.5209935854436,3041.7673393418722,Right
338.8505573661187,1167.59359688891,3254.8242292998007,305.871029466035,1122.7412007619353,2960.2350748919416,343.6740996558827,1178.2791868003574,3133.622287684857,Right
430.65222729333686,1197.924249858711,3213.8737984836357,281.16716528080076,1032.9221658778401,2920.020520097089,451.5504472701915,1081.5617192707357,3140.1715719902754,Right
381.52958253958735,1137.3747627953592,3200.999903820651,380.74122128178226,1044.8992427458923,2852.4808488311874,340.3865862806425,1114.6431119535844,2981.9988932073047,Right
421.9451879009242,1220.9271803353593,3216.4288856608205,305.0254592591135,1122.3963682325293,2811.737007807144,319.1030490664547,1163.9232101798464,2993.709682086328,Right
348.43823728330085,1153.779270252117,3251.9675866265006,234.79258983762514,1052.8814229267364,2813.1703329155366,512.4883653037568,1077.88961560746,3058.4518916526713,Right
409.09668978813494,1269.1209100018082,3034.162821929593,263.52583937852285,1117.4687227892289,2849.614778483794,264.60652431914036,1043.2841909950462,3112.529188753886,Right
426.0546154367221,1356.8056986018028,3068.8650632657095,231.51401994990627,1003.3752457790674,2977.833646230063,308.3249948805363,978.4896724993027,3164.988510766352,Right
340.79322698792555,1289.2243211218859,3217.1739626201124,297.05197866365,1171.506335485366,2965.270646208058,500.156338127802,1066.9097713021551,3074.5184887510427,Right
517.7675216176875,1288.923486477142,3220.5733087577923,281.99862240761706,1016.2194703677632,2785.5179058915887,300.7386218929921,1083.4581767782804,3004.6553422028283,Right
457.65391569601354,993.714478282818,3135.9006666752125,295.5847671451381,1148.697412203826,2941.8134643445132,281.53977878860525,1118.2984950548773,3016.4471484110827,Right
423.3154309517612,1102.4164539538056,3210.246382921984,467.48403649882744,1263.2156785978873,2986.9367887697113,297.47380929406324,1058.4796001795034,3025.344045495209,Right
351.18608771100975,1060.174469284696,3149.5726573250145,439.4227149452328,1278.7494241383902,2934.7741276546367,396.2588717588818,1153.839251024461,2973.555669924263,Right
332.33980055606827,1264.414004477604,3181.3557282262514,320.55399459049494,1168.3369600063784,2747.4600933948764,473.3788853557353,1035.0326752780868,3145.066861468635,Right
400.05219850110797,1258.2773156158994,3279.3869663199403,269.0442849096794,1166.9872495933605,2940.516412266163,494.0350600811561,1057.7502290755142,3195.005285942403,Right
458.29258730876694,1164.6321109852738,3280.090811594018,320.2144736344689,1173.0556188983496,2891.971892866554,388.64941257924664,1105.4349142611538,3181.1190369116284,Right
393.062464882892,1246.4561282043855,3247.9725871364335,281.26076176292895,1173.9198429780076,3017.834438095507,420.8633384234737,1132.4611237913055,3031.855654120386,Right
503.1448369328526,1077.2910133142432,3211.5307917235655,473.98808753012116,1044.8797870986284,2943.1629435055465,321.89503806863706,1152.6784880973828,2986.796399550005,Right
367.0196709210342,1148.9779412982025,3208.123362292712,213.90303813568997,1220.602414997823,2924.8052511945166,340.8929157603513,1219.1210267289728,3098.0957890882473,Right
420.519628646029,1223.0630270105692,3327.265603081671,362.6014226868586,1014.5828550279659,2907.153939955782,413.5866027022036,1097.9330171057065,3048.0291017713207,Right
335.3440392724259,1064.2443767041136,3238.490945992973,283.24029103005296,1048.5980800877376,2940.761514010819,466.3371460614728,1017.1532689593906,3071.896656069782,Right
368.4844737939594,1240.4680239089882,3116.799901245999,285.81995734419183,1133.603125828212,2851.74027691633,297.7133709704176,1099.106134423859,3026.6934577016186,Right
378.11870859178106,1302.703812407995,3185.8656568015012,339.0336872437193,1062.3574181993683,2778.3016558943877,394.18463665633203,1181.3532320536094,3201.0077812374434,Right
628.2736868442697,1176.3638021391,3216.140350481734,261.99875566890734,1248.158797593129,2979.3237550133576,456.8604549041737,1147.731095774989,3089.384526323864,Right
196.97010612300556,1300.0052106861335,3253.419099346811,370.6120344513134,1033.8848353064939,2969.4015726242255,403.8951679524123,1116.044633804386,3011.4465052723176,Right
310.2408912751351,1192.8432377853208,3191.5092073085434,266.79628382994895,1238.7671213429828,2864.910405240014,374.76755691616904,1120.8081108144077,3217.7700983739946,Right
337.98887336210464,1185.143297612187,3098.0387084028116,433.90990000754164,1134.090011626235,2912.6796328279192,402.7513851200942,1245.2778125111672,3091.194184287968,Right
353.2895617709156,1153.6887557146893,3282.47744267553,397.0512857691173,1138.4140150301212,2848.1248719067416,423.7193111665012,1148.070410265812,3108.4842394611037,Right
389.4586713872108,1237.8786530344087,3231.9621347817124,311.60772209545877,1075.0322661935654,2762.784149974403,427.79666448639557,1091.2209064991266,3223.963234118727,Right
257.2533511448464,1213.5672730681797,3247.4389516353936,294.11174618537893,1138.638842488691,2922.655250729541,422.3609811698449,1081.3334185107817,2845.858390070332,Right
406.47126792073425,1207.5269535717377,3141.5054383214942,243.97639044145492,1141.8352158763232,2931.714925562905,506.3410736371885,1035.4797567509572,3194.84156412145,Right
401.36854190452027,1160.297825484141,3239.9372282363524,420.1201555460723,1057.983017077886,3025.6326028058243,381.50491372747325,1001.3548706813611,3008.9063785070625,Right
485.757418785109,1155.765682610852,3207.1230059365053,358.4763014000328,1091.0051627019225,2978.3492564963612,341.4475720967092,1011.2248198333672,2915.8873832109816,Right
1190.5218142262747,2778.8751113365715,1299.0605852983037,1043.6717053765526,3181.8572940871654,1076.8770145798005,1137.6548744111387,2522.1031599728285,967.9078477349212,Back
1254.290237816589,2895.0748740140034,1267.515370984669,993.1904782559378,3187.064066332204,1099.2560080236299,869.7500334963306,2555.294993415213,972.129456405105,Back
1136.062923085757,2904.4733928392125,1242.9505102258884,1191.1505466677513,3029.583643743139,966.394498298997,1036.1733151823478,2602.7237632897322,1069.0587529973295,Back
1252.812052702035,2812.470436054181,1264.0943723535934,1106.1338448284314,3116.4132504497725,1258.2770907288248,1103.1750567396207,2515.845260531784,873.4424522767462,Back
1308.5830637062872,2765.0876666878594,1189.4682534966187,1060.948540020134,3126.1680516591014,1066.887720458652,904.7722184488857,2457.2008084607555,808.6474326287491,Back
1115.664215142269,2897.976537346444,1124.9844310935757,1098.1192876261555,3189.719504541743,1205.1101273289669,955.4386865677978,2656.9058560827166,969.9592893182937,Back
1044.926067171385,2876.595090256197,1208.810358527237,1029.8352227784023,3116.480089036126,1126.6916352847518,1013.320601339634,2522.544615935833,986.0257109818685,Back
1224.4442845603294,2860.30567457579,1182.7281864822532,1013.3421627226011,3133.9487274126814,1198.9573385904166,952.3560465012504,2640.4695453993822,1083.8615803483426,Back
1284.6677390372975,2907.5708488615064,1222.6683676780885,1212.6167179918846,3208.1842878140665,1033.8066638118191,1024.8023824214347,2618.8146833683504,945.237775148867,Back
1173.6635040990852,2639.3616761906787,1256.8296805485845,1167.9115608263025,3192.0710709959976,1207.8945784439477,951.6047008097328,2587.2013854316083,1123.4884721299406,Back
1286.373209641188,2740.9969096025266,1011.1680628236692,1081.6915408276993,3014.520380480712,1105.0116494962654,1077.6704308794378,2484.229649331681,1021.985556720882,Back
1102.7385688290005,2998.5923496500864,1204.1274936369462,1138.0138493073139,3016.476523263438,929.3795539616003,923.2922148591863,2523.461672664222,1093.809829587209,Back
1108.1950155616762,2866.159908497928,1233.718428513661,1091.0764727016506,2901.0838293616653,1056.0271128054892,1077.6594100935838,2642.9843321480716,1011.9661976588037,Back
1085.0475836919136,2810.0828908147714,1220.2963637680896,1061.1102511662405,3134.6508135601057,1043.1768041555488,839.3792799503215,2548.5419523313994,944.775230217219,Back
1297.5204266709584,2857.55974617517,1195.955083005724,1056.2584571227253,3144.658931365772,1219.5308170113803,922.6351760287315,2548.870289524508,1092.0609378929998,Back
1238.4671646825036,2764.9236116736065,1292.4212732974088,1144.12796814359,3024.5750396717845,1121.9731695784103,999.4246530150768,2732.213630335358,1048.5917125691992,Back
1238.6807770097498,2810.6640724917997,1241.677187379648,988.8684376094666,2983.647387717359,1131.1475742195332,1031.9779429295986,2567.7214305310295,840.1530263358193,Back
1112.9771956874074,2843.0252315619446,1210.1516746859322,1048.6911318911673,3025.6808824100312,1121.3185001334389,987.93212159871,2587.2526116508466,959.6518590249566,Back
1212.020424996881,2822.61631344001,1149.893174432016,1233.014855482209,3052.8976842137154,1113.3051264575258,875.8746209442435,2520.0823766130015,1073.63696358272,Back
1258.1116435034994,2817.173909037326,1146.1970171198323,1128.2907371478907,3020.564731191473,1185.603502407528,789.685099721918,2569.1997899534276,936.220750873539,Back
1303.5897463596316,2784.1618207794327,1298.990314626924,1215.6515128189353,3136.3809992537017,968.9618030775061,939.6921196209146,2560.06689969967,1032.0398443712431,Back
1230.371085522776,2693.6321402777958,1262.7666440692674,1018.8236973962978,3071.6888663607524,1120.592407995624,989.6175028062755,2725.508341901107,1091.1484182099243,Back
1094.477172111108,2709.942043388463,1291.9825771142737,1109.0626012582338,3150.269113374251,1102.0065800763941,1098.4441791515435,2661.732003067449,1062.9170422678349,Back
1145.8626490080965,2848.5943854612865,1071.182846935747,1080.7392880422426,3049.164900202032,1037.863469268857,925.0570937725305,2439.391590644781,1099.0727000256506,Back
1182.9771209098797,2785.8202547632854,1240.098593174658,1185.2144970840454,3206.946181159232,1065.472377822172,1015.0383219934407,2527.5729911469266,1058.6235282128205,Back
1201.683803190888,2872.7281381452763,1266.1840486296023,1162.5358053153066,3142.8932471949533,1106.962539101751,900.5848038752722,2626.325924316232,1134.6746005801215,Back
1165.2878151595437,2745.8100930986798,1249.4443529368486,1233.9444156256413,3016.715883050258,906.730183408232,950.813701680617,2607.9764658311938,988.5763189781934,Back
1179.1762167514482,2759.786141649063,1148.2501041862863,1033.8254654024336,3128.7985165476757,1145.798703816506,873.1735718158159,2726.5525339154797,1035.3205164876529,Back
1244.3175157178175,2777.370443751789,1220.384419935074,1010.1115540417242,3226.672043089617,1213.1919786321944,980.8373095068939,2494.501051902659,975.5325246788933,Back
1247.3034672186495,2768.4960132631104,1136.3490817597408,1112.8693331088903,3030.0942509135903,1206.8200281523218,1075.6414399330054,2653.1033196717804,943.36969146838,Back
1216.547251629857,2888.750033408365,1032.5506707782833,1116.4575653285128,3212.497941264469,1244.9210198217959,923.9553725371187,2622.0977358750224,1083.5457360170499,Back
1296.467094258536,2652.8274578081405,1039.2339332729205,1112.3434610356246,3139.865231899761,1090.0344050298256,973.7711909973694,2702.2422099896417,1118.2005259650134,Back
1152.6249013226914,2812.615798683826,1107.4498272946457,1238.8394583236125,2987.6607875200402,1014.3927065061466,928.8150759428557,2516.121831685565,1102.2048402924192,Back
1385.731533513123,2820.8546624745127,1173.1157339368435,1157.7399238967394,3027.4384087445583,1207.0205653797805,997.0838487992145,2633.644556715766,944.699327305633,Back
1183.6462054688154,2670.430144897207,1201.4974416657699,1171.2201865616107,2951.876757636231,1019.2133158961346,961.9076653290265,2575.2268158434995,992.7780416056717,Back
1196.3941823083821,2822.6987551487437,1197.1591434415839,965.4462413701192,3125.09611718128,1196.2738109125266,1020.6452916154991,2458.1228187506103,1018.5853803032417,Back
1238.0277896243522,2720.859968417876,1206.095116602577,1202.1149382002768,3229.390921629499,1110.1202940633611,1040.5960265213255,2586.7909073670317,967.2120071253065,Back
1310.8000859048998,2876.9967272891786,1249.3601169906333,1057.8764252336493,3217.380705764572,1183.2372361043867,896.6657962034976,2687.087193460992,1013.4644575186215,Back
1222.2782104754722,2638.634649869744,1082.9481400494892,1179.1615080938998,3038.640839468943,1164.9959172366905,893.8272501009627,2481.9804047080943,1152.860391258112,Back
1272.7518762034035,2789.7312183932486,1217.8968183009436,1043.3123821796855,3128.480150971658,1194.3544064952498,966.7621608802835,2638.850404740301,864.6226858774025,Back
1344.1223998515582,2880.366664634753,1197.599954028897,1073.2457540145908,3212.8803883184346,1059.618535380678,1029.5802786636018,2574.8892777978535,926.1813949320793,Back
1283.1067582895932,2767.023152560911,1237.1353905639028,1072.2144392500204,3089.242456060393,1086.3159577270005,947.6109849795725,2658.6649894784346,993.0571472721335,Back
1269.0192937585286,2859.745841275912,1297.7826500178733,1060.678256013544,3153.0965897168085,1086.0479267540957,998.2098550978025,2542.84547699259,962.0442956881805,Back
1250.4124747777998,2772.640313926234,1141.6420497399017,1167.8640224690337,3128.545396003245,1002.5180142808931,1008.4571067725467,2690.2576198462775,1087.6963211599787,Back
1157.0273815692995,2711.142551245556,1170.7551907122618,1207.5262737471405,3159.498791878725,916.5044941863987,1068.699983952227,2422.5733882269883,1154.605506721571,Back
1267.6288346407634,2768.433380803563,1208.5559450533613,1152.881324518522,3060.526748556652,1137.0823292490504,989.6364467260189,2579.935365084761,1122.0015051771798,Back
1036.8988370152774,2803.762960856712,1088.5535715894396,1085.4315756742633,3043.3513367220708,1303.7023396831041,958.862130786953,2589.041307492584,950.5261046159537,Back
1271.1515682361476,2759.1884302652243,1147.6008964132725,1249.6313385640474,3162.4750301815975,1121.5174135129685,1192.990573640555,2549.359810301249,934.9921163649055,Back
1136.5206094063685,2896.2522022753983,1150.4942244636673,1195.2201525923645,3049.6467896214476,954.8271931007257,935.8703197044083,2622.9715123675023,1095.3849788551593,Back
1304.107317278883,2829.3130501488777,1254.7267692832095,888.445988688546,3121.0132756452595,1103.0831194651616,975.2820790181999,2546.7279974245907,1070.378139594324,Back
1291.1405850724586,2957.166996608857,1184.4193215161963,1036.3155546269695,3250.819831516606,1074.3666884510105,958.3516149674799,2489.023768445137,1033.609365480462,Back
1248.4558763958682,2867.487251231187,1217.8492042456035,1143.5298640133879,3144.343449088689,1141.150835059482,1094.2747116987734,2668.197820455803,1015.1041979704659,Back
1157.0219938870464,2864.236332442419,1153.828508833581,1088.1864193823774,3042.702847246353,1270.634076617714,922.3062532875291,2653.1135328829077,1054.103038373782,Back
1270.0976894074067,2796.8306908364552,1206.7112558932306,1084.2540489517603,2882.5575660724758,1038.8611171419377,1109.1220385438864,2534.6999578717546,1010.8011689881943,Back
1411.0071707060608,2722.5460183447085,1159.629520089011,1079.8351199900148,2940.122797315288,1030.5386658337793,885.7077387733395,2643.511471444469,980.2323957212308,Back
1029.3990546500524,2864.8109204586503,1277.767465302907,1071.0642776725592,3175.7371173222036,1146.9896606593402,926.8501508895379,2622.4996633340106,1014.7756982180346,Back
1133.189344287675,2717.8699180554545,1232.6325325479718,1284.5369121092242,3097.0172795890453,1116.8234906004375,915.6442346508924,2579.2358553664085,983.8133465051172,Back
1169.8615496444793,2747.534865229898,1196.1071445796422,1054.9631376870768,3199.3163273766722,1263.991001206066,939.0930116655235,2570.9112596727396,1034.6870731846682,Back
1246.646721045195,2738.921187167485,1154.3330211849675,1146.9288867433443,2968.9339452668937,1277.204429410349,1024.115837789653,2575.671620389679,987.9731709774411,Back
1114.1288006390132,2944.2006436196734,1193.2878995894644,1065.193029382341,3240.5616828357993,1182.5555483598075,984.4454968354339,2634.899768378405,973.4273383973054,Back
1171.0232292344351,2782.323036442338,1223.7943721964673,1187.5909177726876,3258.2028781715558,926.1939602528698,1185.7865542866623,2681.948145922069,1001.3222970865799,Back
1165.596215245054,2650.553217835572,1295.5537800636916,1012.4334313893487,3152.1482859417642,1066.8218229695933,869.9418900551805,2633.4733337948724,1038.9077336118078,Back
1125.1361897803167,2868.7515550709986,1344.4330907457074,1139.2520218815525,3134.511372267316,1041.295804528839,916.8505554497397,2567.5125202103927,1005.5201888721491,Back
1200.9398556709357,2784.0885347284484,1399.339421404621,1145.6908698487355,3021.895547280882,1003.9535828894669,860.9147767106473,2519.236427634863,1046.297850715047,Back
1177.1806452655078,2744.571450016393,1247.170013087898,1143.9370270422419,3129.711718192968,1098.9416045482717,997.0600763119086,2494.511204348059,852.3823027655662,Back
1135.486388751155,2736.905776945534,1134.4844477185368,1086.1431186448608,3062.0763936180797,995.6318030968662,991.7689752270733,2626.8801302015863,960.5964207765512,Back
1265.525523680895,2825.2365667128033,1231.1557346901545,1070.1166856822938,3133.0778654319206,1154.5990919374606,845.6608190817002,2685.4634440019377,959.1082165864323,Back
1252.0494550665235,2615.4928742755765,1165.2689452738318,964.0793183828333,3088.1277537511314,1114.5167541609344,1032.5578958022993,2601.655034765205,899.7974640292744,Back
1304.2184228667063,2692.378013053893,1173.0950644241416,1037.861552216172,3051.7971851155316,987.7523072865915,1086.8482831741599,2659.689232776637,1005.730208992217,Back
1188.453195938448,2723.202274574211,1191.1936947581282,1027.357871769096,3106.913204965142,1131.4982855706214,980.2286521645246,2631.9199263830965,1046.6873602038845,Back
1264.3739639214918,2957.980320034636,1085.7849394923212,1001.2931394663428,3002.680370349784,1084.1766152872963,872.4423816047562,2557.565699376622,1067.0465801367773,Back
1258.3403033726545,2931.163365215601,1268.2913060063229,1181.0408833405018,3057.682384951462,1071.3552388786143,1070.30951039492,2668.6870680639668,846.6917930764703,Back
1088.913053503548,2721.77169181134,1131.2021940720138,1205.3898232595006,3244.4735614441115,1126.3945037138399,1027.2569141795773,2755.3556786729096,1035.8951810975666,Back
1244.7234470776566,2829.816457943478,1229.9456970229462,1207.9279682062618,3158.1078447701198,1106.8291256194,968.5488084199244,2620.803918170736,866.9853939750668,Back
1236.858157882633,2810.0874679857325,1225.6631386907768,1007.4608671897486,3137.4977274485095,1114.6465133974343,999.4393837888562,2629.614950285028,933.628016836347,Back
1083.490567576696,2836.327773471473,1023.8599407355388,1147.6024077354127,3265.4036678695097,1129.6651929229492,1068.295203147512,2730.2173669403974,1083.5356627842407,Back
1382.1615701949431,2730.3087857204287,1172.7026319637969,1138.66616882865,2970.8069765610735,1099.4850146414162,1005.3397074943971,2703.8330984001577,1085.3782824455197,Back
1261.3009279977543,2855.7407032681203,1204.9103570197458,1123.3749536834641,3160.757846084121,1180.9372946253307,942.4759790721101,2635.966969197983,993.9739433700597,Back
1221.2437719927289,2892.351708837855,1179.9493764242784,1026.2411699151507,3027.120277468731,1054.1460266584734,1048.7611514458424,2586.7420043386346,952.1566042898444,Back
1261.8217032154187,2812.796420115827,1256.0457652446605,1275.4409727890215,3250.500600050784,1127.5881494039777,1027.1122611754186,2689.093132119829,1102.231815583827,Back
1171.3479312554523,2701.997696022043,1269.0355577832247,1118.0069708025596,3148.8150035714348,1143.4316988648281,944.1258967195405,2559.1957894135503,1085.70519612193,Back
1187.0757257865505,2737.476505593299,1177.9700779734121,1131.8116907022775,3059.182605485334,1238.991227382084,1064.987881053688,2480.782322639518,1018.3628881534486,Back
1325.5140633105568,3063.702443337297,1162.337427559453,1101.9781526007066,2991.4920901194014,1144.5001111316233,1038.3070454140284,2622.6566435716504,913.2617269251216,Back
1262.5006901158847,2946.253570681743,1308.6966241885805,1128.9798909726042,3095.9411695868494,1171.8658769676065,988.7135871818523,2397.674444814936,862.5724754355708,Back
1309.4577323428186,2906.4221073804465,1189.9682632435458,1036.1415422889643,3075.977710302178,997.1139310786493,979.6855072044144,2739.759545896915,949.9523625916454,Back
1136.4482291560687,2692.4854058618425,1216.4569188788698,1024.0076993509986,3152.0336070137864,1075.312240883316,1134.5047182949577,2647.305514893768,1038.1614703964035,Back
1087.4545337707684,2801.928017239569,1224.302414908348,1127.429323729454,3128.4325497970885,1109.805030147036,906.582836346371,2407.4552198572746,910.7062759588392,Back
1281.1147560845593,2864.0268747251166,1291.3895819760276,1126.249585450241,3118.1625939012742,1101.3822565893402,863.3415479277746,2614.2539062854785,948.1925771670888,Back
1151.272607375674,2720.938400065807,1194.624282525907,1173.2121152024781,3163.9801527126483,1022.3362596031856,1019.379677868545,2594.048760139336,839.1039929126885,Back
1275.2106884854934,2748.242268940072,1246.4285416354874,1036.7095392744798,3162.23627836908,1199.8718155734146,1020.9180289212989,2643.450458882866,947.7191192302455,Back
1174.638496860891,2710.485790575879,1284.2164879957681,1194.9079058242899,3061.6130961088234,1103.0320537574396,946.6617176645414,2495.2777468726363,958.821018581087,Back
1104.2238492288911,2644.7603993281573,1223.677417807689,1020.3452631133305,3096.6522611937116,887.3721053565664,1007.0951777095696,2544.6301859567734,949.9725468493743,Back
1269.640673526127,2790.214947023646,1223.9302936703573,1104.2768196155055,3138.4961682863063,1036.675701333507,999.068011516534,2581.340814717755,1056.712374573307,Back
1153.883880918546,2860.265519493793,1242.2705460370212,1053.5153742407017,3158.122456909286,1068.0628030781277,948.7975745150769,2535.949595022526,914.0390554931679,Back
1224.901362135201,2784.2823620087042,1175.4422557285936,1168.3296632067643,3170.533946965987,1108.7808625937232,845.1721512875222,2638.811423696254,843.2966422326247,Back
1128.5934790731956,2787.1329634410267,1322.776235956842,901.4598548302645,2977.493370638733,1042.7674082295,1055.296804448894,2469.4301099883096,935.9951533711954,Back
1297.025529937675,2870.545983952358,1151.3663866746372,1181.1056513961196,3106.813630709764,1027.4517893570435,942.9207630648858,2549.7874911026006,913.7037021954396,Back
1236.7074055702567,2880.7979521074567,1084.781023639351,1153.3094288202499,3016.4400080366463,1094.1936766255524,1024.2821386588391,2681.10606914894,998.0772556316921,Back
1219.9012548241892,2930.3436151927453,1329.2202326958636,1184.2531032333266,3160.0381548404457,1140.6551549097544,1131.1404150682743,2658.983943685555,945.7704116763717,Back
1208.4954120992672,2832.8652305421874,1088.5821960531728,1053.7691448067567,3236.858999346161,1009.0366396832882,1040.789422668254,2625.044007459289,1077.2045794901928,Back
1137.826125151666,2737.854342447028,1204.259576279683,1049.6868744827561,3223.863854541483,1114.5445132808834,1068.2450671512452,2520.308259691532,1047.2172858468996,Back
1399.1687454776245,2795.6060320111233,1110.3229109184426,1191.0920853748203,3062.042199469033,996.9232851604385,909.7884900462886,2505.453252749397,1041.8168008727064,Back
1132.0053494984938,2730.485981507773,1170.2397445433126,1134.068124654534,3171.211681322619,1198.629105567773,973.4265071529976,2681.305341621249,937.0096842142843,Back
1336.8554692918076,2849.6125253544847,1221.2577144103134,972.9437234518228,3177.9278680841076,1062.5731440794743,951.091318466872,2534.329143283153,951.5060587708756,Back
1239.4863991764657,2834.1813846987,1204.1565926144337,1249.855928964938,3000.1012392121334,1122.884472221744,893.7337061953957,2645.0901883267943,1045.86925638621,Back
1210.8610769516029,2840.4888673552196,1246.7664045693343,1138.717940680922,2989.2762963562686,1170.196195547208,1139.9020552883437,2689.8977282975916,979.1847811317617,Back
1357.2803763996367,2819.777515962219,1293.7899960283903,1154.6191572673172,3215.423084185137,972.6249693475602,936.5789115690333,2641.941748940457,980.8778073623329,Back
1170.9168870201593,2920.307750307764,1155.1105856950987,1124.7410391818605,3130.122007620343,1081.893797242674,814.9080202586925,2451.080341378769,979.323182273626,Back
1376.0879150773858,2742.3871522735813,1198.1114913746474,1266.229445489558,3103.0580753204736,1140.7440280893204,1024.9321219034111,2532.9860677416013,931.369329512795,Back
1159.803123451826,2799.4004869309642,1141.312666794374,1060.4841929712363,3120.805385603793,1195.963777858699,1188.7916463478755,2543.0919643331013,1022.7487467582889,Back
1121.411836303552,2750.485218038952,1062.3798801405017,1238.13126330082,3065.9187926965315,1176.7769634241042,915.6358725207808,2412.405302851957,1136.6596568896368,Back
1070.7496506886184,2717.298969561327,1296.2191644880875,1107.15820522477,3085.1207207608413,1206.7945379751986,977.3972308186187,2664.074878285386,901.069952481392,Back
1314.186168441768,2755.4930234508174,1214.2961607048428,1042.5286779378835,3034.923354818504,1077.6151225619328,1073.3888765874308,2580.4097620254292,1015.561495751266,Back
1162.26387779851,2905.91013468497,1082.7995013512652,965.8743768134087,3213.146194886926,927.0972446060033,1137.6749962074,2598.790446309913,1034.7740600813042,Back
1225.8588949599005,2747.3893441089176,1241.4270238627455,1262.9897633875842,3197.600748437831,1043.0139933439777,1099.1895467766199,2506.2280249886703,982.532278146123,Back
1211.6653974301305,2899.496212544894,1089.187701750584,1184.0553619417465,3067.022421101564,968.9206175086442,1079.8038570137817,2566.6884335037957,839.7226667633736,Back
1263.7389279907836,2665.079250608389,1169.7655445597452,1009.8814050357759,3035.139377651259,1187.1177990043805,1050.7963699605864,2479.361230835445,981.9659769389965,Back
1205.4536439460396,2908.5175990989965,1236.8485398889645,1003.1985243290137,2996.713763700148,1153.1143884035048,1061.0864713998876,2551.941212422517,949.9081137250719,Back
1240.768373817449,2823.1629901278393,989.5951686280566,1078.2875034500814,3165.8777760107664,981.2691836094756,1069.6545121404442,2500.173966976835,1018.5790151794838,Back
1132.3243438515663,2670.7919626862595,1217.672712663775,1091.8186786323085,3221.7375845102374,1166.5295441770584,872.9390096536288,2626.238794182277,1078.5057191737474,Back
1267.8891257405537,2948.832298184674,1356.2560562347485,1043.4748847590263,3131.061804541646,1292.1078467112177,1102.2518103682794,2546.363138383845,878.0176077322828,Back
1075.4972116731242,2852.482718278163,1191.3923871558989,1085.336449724627,3053.6229797586193,1031.171113336622,1049.32650456443,2597.7961491722663,1034.4836540002805,Back
1069.0181381751293,2943.185991125062,1294.305440549977,1185.6495769194005,2934.917769778455,1171.242065215692,885.3133965991735,2634.3316477129433,1093.022270202251,Back
1285.731664741713,2858.0988918446633,1348.2196729883144,1113.2170138479314,3035.4051299718344,1057.773335092025,1001.5479853703466,2667.101268094256,914.9788812692681,Back
1265.221564802555,2798.0354231033093,1163.2151834337863,1025.283169829044,3062.2837459517173,1124.4289981499744,984.4254138820135,2660.3551259033256,871.0738067071916,Back
1082.4190190586642,2717.045245825038,1288.741755958653,1088.872564878547,3102.9942715953234,1147.3462903216687,1052.4981489076488,2557.2835690222178,885.8197011087284,Back
1171.3199231757799,2677.712828286833,1194.6324247261223,1038.6794224157861,3122.9978367153653,1115.6884087105889,970.8831848321574,2650.778097754508,1226.9484300575402,Back
1052.4013612624371,2994.137189223913,1122.1772745787405,991.6437036313862,3023.0989067577157,1158.7104757759712,1017.2619237292624,2550.398063156149,953.6209288258949,Back
1139.2307766386596,2847.323132238648,1300.3924574862604,1079.576404907581,3045.6535509670043,1069.9059066658672,815.3935040574303,2595.653311305978,1030.6327409085736,Back
1170.4625278219905,2759.6239408732126,1289.6973240764264,1125.0721652249204,3131.0129356778502,1140.2475237749697,1011.4635770190587,2705.0869984100523,890.4340592358801,Back
1197.501850353699,2617.3471561175843,1166.36335481613,1260.2662334662296,2997.230533150616,1011.7435101966731,994.0149852404746,2669.0634522211594,1054.4136738255047,Back
1156.502785962985,2935.8053902633237,1195.3606191977597,1191.0766584783046,3227.474327318941,1021.355538527001,880.4071509679743,2642.8677277484876,1014.8945635507122,Back
1202.7286311874357,2821.448184830385,1191.9646491132833,1224.9130214179936,2859.1483351901416,1201.6666571675196,1020.7153941262835,2589.804194729592,922.0087104760562,Back
1298.5868674465437,2707.1610599149194,1208.6584559504922,1191.0022108238522,2967.599904006001,1125.2870409642267,1024.8629774995654,2634.1458003081043,962.791610458587,Back
1246.8439666607119,2883.087851403858,1175.967252731985,1266.6735172353926,3009.0867383095006,1045.7104408967932,1096.2067186424936,2582.6651451899174,925.0495321211347,Back
1164.2767719218061,2921.167885148649,1263.5087603646373,1025.8918435036614,2950.138719832024,1219.378833323357,1019.648274939488,2566.189742885288,927.3938201060405,Back
1034.2081819615207,2694.290018091414,1224.02555703979,1060.5032195799827,3231.63898209382,1173.5185834500642,952.6230592852371,2525.821352870149,1103.2164529777708,Back
1170.1545265259738,3011.487203496122,1207.7176636226961,990.8012993306576,2936.7441739089704,1041.1598677857676,1115.632047924269,2580.230009625088,799.9862112663943,Back
1149.9926836022464,2776.790519906242,1309.5888285403084,1134.607084987061,3088.000256994514,1124.2354204589296,1177.9414893599555,2684.723858908413,940.683726683043,Back
1254.7340732516386,2890.55459520312,1386.3564425746881,1122.9519479013534,3074.1354941485724,1128.611392721937,961.8162259206725,2612.072002188348,935.6014742583582,Back
1201.8738002893053,2683.4507870957805,1267.5177937655274,1163.8857236986348,2967.9341937427967,1159.7714885198714,955.1667781020005,2713.0255440701153,1080.349207243781,Back
1286.9614689836008,2847.289437833748,1116.5489082701847,933.8299802303413,3110.849728650336,998.1803265073178,1015.1838299327926,2480.9381885224857,1062.4945111402644,Back
1241.2679268529948,2697.6421775211134,1122.82528243005,1133.9124692335442,3170.811831880497,1118.3893018607607,944.4825775647358,2612.9510230830365,981.8875484162796,Back
1157.2360700401894,2687.304726019962,1203.3131973810334,1034.4889436581557,3089.7599817080663,938.8956784201578,1066.903002829227,2555.0690139481653,1006.3625531709306,Back
1320.0083509575022,2924.290992028815,1252.955974339014,1018.3103935562099,3092.9470681446996,1124.0049650219223,1021.5468640319557,2611.241313693851,1065.6303531044766,Back
1252.6693729959725,2897.5179331227873,1265.8122689500774,1044.417243564304,3074.4909996349274,1098.9910632176964,1033.0289317938673,2560.6600264326844,999.148437669446,Back
1173.4541829212342,2757.238996668732,1233.0268998083368,1172.7902694685886,3241.7908331838335,1181.8121807789782,968.6134356000947,2701.688161090929,885.5642981374226,Back
1233.2480882737352,2755.272207109067,1155.935895737733,1258.4829727355436,3066.3685194862705,1119.6789379320066,1047.250097517939,2597.9674914955144,891.120508224382,Back
1226.2468279367124,2772.61254280355,1191.5374667862166,1098.143206105633,3136.4935737926994,1132.8637753648695,878.5227920676293,2617.5848814080623,1141.1287514313985,Back
1047.3865013284744,2725.9002603279487,1144.8090308332337,941.1195002672582,2953.595685691273,1023.2489356309275,1091.915875576853,2570.6133454525043,925.3762142486495,Back
1186.5648100283972,2839.115299727932,1238.828466336292,1103.3938619712774,3311.329210148835,1121.1630798029944,1034.6780234116488,2557.547646986628,931.0789278484453,Back
1106.8436926006366,2696.8003333069473,1244.052772242989,1112.953900986764,3049.563064882071,1071.9257480950475,1084.737689111341,2583.4207311564064,1002.7339574612741,Back
1223.144533287844,2839.76306114667,1139.5013861214402,902.913990002067,2943.9575747564686,1128.2561303018751,953.8652926735983,2572.627406209643,862.6255570174651,Back
1135.95593810546,2809.548800571872,1203.163878511157,1013.6971253232279,3007.6211649307274,1254.1634788713711,980.0195136041079,2591.266720806588,892.6696481383375,Back
1137.5067354890896,2777.8090365286994,1107.973703839902,1107.244655246463,3007.504061726778,1040.449506088392,936.141693064378,2467.1909511583935,873.7340591589342,Back
1209.61690756434,2717.555115937124,1185.1789389389833,1088.348349054612,3126.5355832296486,1164.9949748032543,948.1816331816643,2507.8230607306914,1015.5877991711872,Back
1268.464526638533,2772.3763519446456,1194.687400905303,1084.4785725288875,3087.6349616250654,1150.785512860262,967.6685287992626,2648.32342728347,1033.1483602038786,Back
1372.0212886474658,2742.2932630630535,1292.0099732207257,1164.2289734739425,3002.176717214269,1145.2854045981946,1048.9330477866308,2551.2706560156284,803.1135007347965,Back
1259.6518377008824,2696.3002593787733,1186.2060093949535,958.0304878883193,3147.4716487689443,953.1285590265711,953.0045185056645,2554.8332498903565,999.4440961154189,Back
1081.3538673431165,2836.752152270949,1238.6945342939189,1070.9514884706687,3077.2479007181255,879.7586131686475,1128.4184690077398,2581.8594114947487,1051.7588681096147,Back
1214.639789375538,2804.4584492476074,1255.1030666187864,1048.8420037296385,3181.530450508122,1226.01708590707,1016.0714297095549,2587.4457411380263,1078.2030399291484,Back
1233.065805316172,2770.000738622979,1172.681084636716,1110.010778553105,3160.961576023965,1059.7104361447693,1063.2012470195398,2757.002734525881,1047.4123525780637,Back
1194.9762449948535,2845.527589632106,1164.6283717169642,1010.438629650229,3039.3070425274022,990.4397304370933,1076.8983421306582,2561.806511298624,851.9607484939839,Back
1240.863462088261,2829.022957603722,1224.2971881594224,992.7055842150415,3010.5862585153614,1240.9559678550759,951.6246772611855,2636.4545341167063,1009.842329835601,Back
1089.1400755784855,2682.0559408091376,1239.6359918063824,1075.1892590525506,3077.4117792268144,1183.3438133014447,870.1621816147795,2595.1873668868184,1093.7120681417834,Back
1267.4529195431755,2777.9189841706307,1237.5479769107715,1149.9513451656278,3029.9558851634933,981.7852435595023,1069.1623453742257,2604.28444929567,1145.5388148244497,Back
1148.5000575841268,2879.682318456536,1266.4126888278906,1139.40818700491,3102.303173285242,1024.3690215074282,976.646477376847,2560.514036686202,1001.844923599549,Back
1116.2911711847676,2819.668483874206,1342.5750852733881,1029.7630584190088,3142.491124279507,948.7370706750195,1040.1035222974733,2620.972206621652,927.1427550559588,Back
1244.094298860288,2808.34338483403,1344.6547774855624,1109.0541096671964,3131.5847873732178,1088.323590221679,910.2303999237672,2808.146157512801,1014.6095254440519,Back
1224.4658297719832,2806.7849755000707,1082.6570757995182,991.1957107078733,2965.984160550173,1205.6816483340704,1040.1690481448593,2573.1791221639455,885.5315510895877,Back
1133.5278301388744,2791.6966410728455,1101.2938192346032,1169.8335339518746,3035.6777119202898,1077.4749648999878,991.9618061428497,2424.9338232445816,1064.734897231505,Back
1203.2168090021441,2622.7329008521547,1168.726997769477,1073.2779234945422,3017.2361255632823,1127.906418863589,1096.3562917457277,2627.733698371622,887.1138537670702,Back
1145.7835282098536,2641.7408601671336,1216.0483762036895,1020.1407359378867,3122.0358256947547,1164.0928647590877,1070.2567643311206,2616.619987662162,979.5373493622222,Back
1070.2834095977028,2974.501970494008,1376.7212602553693,1092.5293653073104,3134.5121390073978,1007.9848157229155,968.9567392849407,2602.091035080283,952.8007675111145,Back
1340.5890866963489,2824.8929915010476,1150.3044438631189,1067.3545111963215,3119.478576872979,972.6594149545463,1038.5739330138927,2596.831147874641,1071.8779939911183,Back
1228.4301677063174,2747.739289100283,1146.4160989970728,1210.8918179407653,3134.2924691359335,1147.657359381406,1047.507757880204,2592.7507087665344,912.4031122092998,Back
1343.9126005726139,2784.524150859239,1303.0607824819087,1092.8656376800686,3188.5785901539352,1030.7001722429552,894.7036254717038,2577.6494563104443,961.4082121445988,Back
1252.8811121254919,2827.4818307282503,1076.284113604406,1040.693711648234,2988.1024828436043,1040.1111492068806,992.561685208163,2550.3275762864705,1093.3223524913076,Back
1233.4711827600129,2732.04758553603,1302.9983488554187,1172.8611160120374,3115.65192350697,1070.8551623135736,1154.9407077497056,2663.8294383153407,913.9987339630577,Back
1212.9280146572712,2733.375496071044,1271.581377151376,1017.7158489811503,3049.0488326390505,1050.592335309556,1038.4327859880323,2516.0483878215523,1000.6185881267506,Back
1027.9463225671234,2868.0209054534366,985.1454899884465,1114.139613459074,3119.9819343822815,1060.048696576695,1087.9529993564008,2690.3324213444344,1085.8657751589117,Back
1290.7328188538286,2826.190753453899,1169.633937907898,1121.0704457475422,3188.1122909411306,1095.7709097794104,807.9250399484536,2465.7282909273767,1144.1927814394937,Back
1134.1495776562979,2751.137807018376,1275.5614965199536,1171.7350504446874,3144.682621243424,1111.5570186546565,830.2260571278289,2777.4830175907546,969.6898830337617,Back
1287.167955542625,2811.340962568082,1157.1770678791775,1078.634956929034,3086.511982272769,1232.0733879636953,896.5567805896607,2631.7452351824595,1144.4977278225692,Back
1159.2335213090594,2802.8751834018844,1106.0510763411532,1231.6453295108543,3009.311913729804,1151.6708302881823,842.6732825268309,2531.0201555363324,1017.7791389061201,Back
1110.9089169453964,2779.5709010219475,1092.7843267740823,1107.1150937016257,3005.426225124738,1015.1533769076998,1021.2537292983391,2447.6471764815715,1050.4835214358277,Back
1134.6842105512292,2927.7599403514273,1157.9706338828755,1029.4367616317743,3108.6450985219485,1179.7872822627676,805.1495806254716,2548.6710643067127,1100.6118565869656,Back
1116.812585596264,2702.43196457148,1072.7091418217617,1072.3144869892276,2999.5219062006076,1135.867396039374,879.8167063638663,2561.861692729496,984.6097285197824,Back
1151.2917305774115,2780.9437771419543,1122.933177654945,1028.801409714592,3198.2865140359922,1133.9095088431304,1033.7940292578235,2684.4163763769902,1032.2911859765443,Back
1175.5527904161702,2846.3657044544902,1180.3432288633612,1239.643646281368,3116.7268697759223,1103.704573243036,1125.0563442795155,2665.9903151448493,943.7505951201504,Back
1238.2678643618553,2697.60201419023,1180.2034123964938,1114.0441557893507,3111.229232598546,1086.7639836613898,923.5690931558006,2631.9305716357894,1044.4427257382185,Back
1146.0356907921937,2798.2201153184524,1239.4390524439636,1139.392816442001,3128.3693223997075,1137.9639989205098,1048.3344113863413,2657.9098254997175,1036.5613919755065,Back
1159.3264137239194,2826.799415130684,1146.6117109690347,1053.2437237317147,3127.374225920609,1104.71931148758,945.8763634731487,2644.8095106324527,939.5371869851756,Back
1236.8831798223619,2693.563922624656,1305.7519238711157,1139.0131498342985,3137.0840743901185,1101.424418036608,893.759456114092,2466.4605716852734,1005.8944446657621,Back
1170.3182782602519,2826.151827232843,1283.0408814955065,1133.2602450226334,3023.1979965175333,1150.7425704088469,951.2098585391727,2632.0518579402838,1047.8246312446709,Back
1158.4503032665384,2916.813758831184,1172.7110138594392,1102.3552392777767,3201.73474063645,1114.9650404656102,933.4709454123504,2572.0937861211864,1018.5208199992859,Back
1164.5193433662237,2759.3454698879505,1275.7728125614276,1084.5124172202911,3239.0447549972955,1087.1284687033547,918.3276931724556,2580.372875168585,1074.4929267918824,Back
1153.699644444586,2889.4293844898484,1200.5625036487795,1131.6191656444685,3041.9432991795866,1102.5960931473617,999.53987668812,2683.888927567147,962.7597571168687,Back
1075.0076884710845,2711.721758105544,1145.6832127691803,1150.9083546499826,3028.433097311165,1021.6393521989617,975.6411191497466,2598.4169981556875,993.0083942801302,Back
1097.288609129433,2774.8979374869677,1276.2147111312431,1131.4187012291686,3130.6299518558285,1039.2651527237413,977.4943617437553,2500.0348177069277,1045.543114459938,Back
1267.5410348275182,2781.4850785489007,1169.6773097376708,1033.2891130027845,3090.4625353067977,1233.3877281135901,942.5245823716302,2617.5955745477304,1072.7295735589614,Back
1192.2119168993802,2695.207683233387,1227.0469687957254,1222.1398659479194,3112.2231773895423,1096.8975110959918,995.9245119608647,2429.650301668968,1025.3056918123127,Back
1161.4444197896428,2726.9522576330182,1298.6683593604253,1023.7309180325049,3107.780072660565,1000.8680174713189,1026.8902562294397,2487.3870970390262,1017.7266166274098,Back
1209.3890570988349,2858.880690697601,1096.1411190291676,1064.962161716791,3034.079740010652,1157.6367120506218,861.5451998942685,2568.646841829041,1038.9012948525192,Back
1213.9262471365337,2677.155299797299,1289.044211262001,1104.7216148231107,3179.8891316900554,1066.1700498338253,1002.846362411698,2615.736630222801,964.9282438856959,Back
1376.9888933107793,2778.2258885634906,1227.0664707655499,1048.5565893185378,3055.533508391091,1088.2583424090114,942.741111703893,2524.0798566908034,1002.9548802142529,Back
1166.7012565432515,2970.16069652441,1185.3645916014982,1047.1960670312267,3149.3219363225307,1239.9889570159758,871.6575846753802,2698.1570466837984,915.2840269068383,Back
1160.7178348046968,2688.679538580342,1162.4442146567767,989.0170133878762,3051.3868697414177,1073.0150563531517,988.2943320069878,2620.3203625742754,1021.1667210712767,Back
1193.7193717805806,2903.7327920366074,1213.4351099685098,1196.4193971761931,3110.50930363489,1048.8524071371323,891.3709816580619,2376.5619689926552,965.3887668010129,Back
1107.551567028932,2798.1183496761914,1302.5104130659051,919.2493525811121,3153.8380661825527,978.8105186651474,851.6827737163801,2779.1256707384623,1060.5282923207963,Back
962.1384233016099,2907.311960765088,1181.8266235456035,1219.4212213631245,3025.8881745280746,1115.791865047908,1009.4039265485162,2434.280060668092,1010.2805820595335,Back
1263.7374945661775,2723.4591683582316,1242.0398146706616,1152.6055797399074,3101.705898890017,1190.732460642091,1051.2319993305928,2729.1742652822186,1020.7687567866034,Back
1283.2121589258877,2788.474703807807,1254.1627923578003,1127.3578534318278,3135.3303796084424,1159.2987131257482,974.6439243926594,2574.3249860056194,855.797779943372,Back
1218.247888187804,2706.196622874671,1138.3567338716284,1069.3103451637573,3152.416274422026,1145.9939680138443,1037.0100257242395,2585.5443450239513,1022.5267607212909,Back
1128.6876696381912,2923.0605969567778,1329.7213850575279,1051.9557238831921,3000.6297482937416,1007.1930991041015,925.7603449726987,2525.434265961265,1024.3176375533483,Back
1214.4919025579095,2867.8418744457763,1214.4248433219748,1116.897881655617,3076.0183422540335,1224.8260583173362,1128.8684754771941,2536.695715329441,1024.185424714941,Back
1179.2862166006803,2778.9753889876506,1154.9848456961595,1008.0183650194145,3078.1622407735704,1175.3130437088682,1110.0940164255612,2675.6623822787046,1011.4634023559215,Back
1307.6268845107656,2793.7229230350536,1190.1467156301815,993.7804578262782,3194.933846156676,1181.0112295595704,923.8661425244153,2499.4168993445774,1159.341033805976,Back
1218.0817022444837,2713.857116180464,1175.3205937876985,1146.1240418156924,3185.958955459145,1164.700127914565,1128.6846470524606,2658.146640152036,1036.2170289949981,Back
1297.9138376759454,2759.977634539881,1153.2209905712514,987.0229082365543,3161.1820262553842,1043.862302407237,1020.3606316513179,2608.229377197524,972.9634929384607,Back
1167.657247837165,2879.253222402942,1329.788114890624,1066.4511535843542,3037.5682794959225,1254.308586981978,1007.2067418401477,2555.3978919297333,973.57992299599,Back
1268.388227875526,2793.078201549461,1207.4804129408606,996.8514859342592,3037.731727558162,1189.055952127437,1033.5348841580558,2680.7136427895584,863.8624095805318,Back
1153.4462639549045,2824.813531230468,1253.6759016455194,1266.5204397681878,3116.0721935631336,1028.6528512685593,939.1780290204865,2492.8048445892937,1107.5656215289594,Back
1187.7299389328466,2748.6837546461584,1291.773129592828,1207.7323561255328,3074.5398210404314,1058.4702864020687,1023.2765146282754,2464.6157021885915,1039.9773790973945,Back
1254.340668328057,2814.753007774269,1256.8181464098554,1101.3200883377679,3113.831531324373,1211.0247394076155,1008.98314596268,2729.992523137094,1068.6366397351665,Back
1178.9262558390956,2796.6221513037385,1145.8689252363306,1197.3511063495253,3322.067063035179,1079.617905302587,1023.7682967934554,2638.876960452305,1007.4206296861743,Back
1186.7339586505348,2850.902028214531,1083.019189840529,1030.135037230098,3118.8974207216793,1105.3494749287768,1015.9345952916709,2646.853124269137,1095.796094510251,Back
1115.9524035080833,2745.5870523330227,1285.958805877568,1107.2383842063646,3115.023415425125,1196.8836919903176,853.2761658273304,2719.300931508506,1015.8286207229639,Back
1098.0288135837432,2897.0644781714254,1343.8474669026873,1220.483656862315,3079.890824755569,1155.7757844438538,1042.9598947693414,2490.4670489729733,1205.0130560692414,Back
1120.555718633968,2965.2645048300133,1197.6062603386392,1121.2399900485836,3079.645539979725,1211.8719225188088,1143.1669114708309,2614.5285379259794,949.8726924133455,Back
1144.1353918355135,2853.665162550715,1021.8817317761666,971.3588128766162,3100.842439089752,1124.5902841363065,961.3676951801365,2565.495013955375,862.2443100620937,Back
1168.7820488108136,2787.5884302028962,1223.377189614726,1145.929136254005,2944.1499813669825,1225.192785299055,831.0643079148848,2641.3082668800484,963.9649382665476,Back
1278.6869775530931,2844.169303531736,1184.8480195670222,1074.9210934394932,2966.7348810453004,1092.7803565337047,941.5376737672659,2524.5608043616194,910.6237969377293,Back
1200.793079491428,2766.2380208268264,1269.6651419584348,1056.6559217231186,2980.761090518455,1036.795066413346,1002.0689726947189,2453.4791579928624,1105.128607336864,Back
1181.1239420069383,2788.998984220194,1210.2558534463417,1152.9070234460023,3152.4200428258446,1039.1433044174212,942.2244063090674,2757.3713468768133,831.2081381726737,Back
1118.7901287943882,2728.860053441078,1271.9424543900038,1122.2713986086403,3125.0486779430353,1030.015818777552,1025.4418507902885,2522.658213050489,954.9382825836336,Back
1138.9516565504493,2741.8536889401794,1119.6566196027813,1116.61147236955,3123.459696304621,1034.1960577223401,962.7997493021468,2633.904812710362,1011.71168955679,Back
1314.5940542930114,2778.995696420043,1225.686513592348,1152.7239278942943,3019.8490056140336,1012.9798208566161,889.751704401513,2632.6106246316576,983.7964281671011,Back
1220.143629376217,2809.6882066612825,1216.2624738420234,1150.3807773404972,3067.556131009826,1159.6874156402384,1048.590941686493,2488.7972970070755,980.8434707769079,Back
1323.6403039144905,3087.107984175627,1196.3841563302153,1101.9658137270396,2968.7374033219007,1108.9264190012955,994.5208167142096,2554.5136195519535,1141.582684219919,Back
1216.8140017504825,2720.392079555469,1112.570191808032,1158.8100959700564,3049.3240968547416,1025.1208653924039,865.0420787996222,2589.2531720633606,1047.6295106457083,Back
1264.9375657872447,2819.220600787784,1331.6473724008388,1004.8867405184824,3115.40878446908,1130.185665744442,868.7381416300599,2584.7045551687506,912.3273859343452,Back
1218.0485985269502,2733.0594960032786,1252.2215284251486,1226.8544858216999,3082.371226196138,1048.0409206553045,902.7210604702354,2631.6268091220722,925.8827071704543,Back
1274.39708002435,2932.671457331681,1338.3699339961393,1245.6220148032928,3108.8689078459556,1136.8349052739695,937.0846563259829,2493.645852343748,1059.212897398169,Back
1085.8983323462292,2879.2651095189844,1130.901192838808,1083.363078487423,3238.850393960783,1120.420305524559,1040.79595364315,2578.2827434342344,1068.4819178355526,Back
1178.9969790793034,2725.4805070073826,1120.8051885026227,974.8150252714549,2999.2716267560904,1153.652075663513,993.2811056967862,2523.5215679051917,1062.7552639705084,Back
1214.495611272841,2835.523821218141,1120.5497566101124,1062.9088469366861,3127.933100772477,1078.2607544632713,1080.474691334643,2661.8681854547385,1119.8017029631624,Back
1224.4638653877325,2748.7013964237894,1203.6764131679822,1286.1488941965295,3186.869006530544,1087.7103393820832,1056.9654169550547,2583.602118640043,974.3147653198452,Back
1290.490802256619,2834.16320709539,1274.785349696624,1239.8093957788274,3060.3830343730197,1124.8419986886524,1076.140862076463,2663.591018322497,970.0839850949172,Back
1204.1137245608588,2953.968696859994,1155.369454401615,1137.1808297454118,3139.559818662035,985.4261463801522,1051.9917084506887,2492.5162337459815,1017.1760747815163,Back
1298.7772389343443,2760.2828561020656,1078.4430233122157,1098.1095130424278,3098.443456630259,1109.6544224320658,1018.1603912391172,2622.7239961180444,882.9097093817267,Back
1285.9318266288542,2626.6295548986004,1171.5835822305498,1164.468099704054,3038.878019876719,983.8778191857571,939.7879449412836,2561.0516266975337,1160.4022244659907,Back
1080.456014668036,2833.668981145824,1183.9574871217205,1034.7197577291652,2989.4506610154563,1004.9464531483925,1027.4510632039826,2653.9815930327554,1105.1993428509138,Back
1123.5324678375707,2630.2392012252517,1246.065295704623,1142.128125991847,3194.799177933725,948.5071579734695,1119.7342781312789,2610.466448607394,1161.4265147806693,Back
1183.2533118436556,2911.264719927145,1153.6411869872259,1272.0491453947288,3058.9269560253806,978.683942360628,1019.0626658292215,2691.341431241666,1101.3801750893876,Back
1195.1486276674689,2831.9102681643662,1199.06067209068,1207.7045509667378,3183.787881982242,1059.7334514966235,1077.799229582197,2598.3483626618117,1095.003990806634,Back
1169.6847941840063,2807.345057057591,1154.4897135617607,974.8605609701331,3002.8027587637507,1189.9552140206276,1049.5997750313152,2536.69377180301,1039.3963428951574,Back
1202.6619074146572,2861.7756032010866,1164.5768240616528,1099.2336007253832,3007.8731240695097,1191.7468533250917,1041.9379540120283,2609.4786041162943,1195.6022663425601,Back
1294.3181447948973,2914.384814723537,1226.622120186689,1058.9467493177017,3136.586148099158,1104.170926893302,972.9041217635418,2695.1707770856283,975.1176413988977,Back
1220.3617535756962,2810.2620231834317,1080.1033734704397,1142.927147733006,3161.899368025512,1104.403181525052,1020.719031712498,2574.6652216505468,950.24359573385,Back
1149.998348621675,2656.1946263442246,1243.1644264832867,993.933945603949,3064.2668090366,933.2094023501197,946.9023134822924,2643.5798363440786,1007.3211937942813,Back
1202.5022504786916,2819.166617301145,1064.7783543728744,1169.892305559073,3066.4763117664465,1102.5196769131917,1034.9334256902225,2387.6164321026586,1113.8514720283065,Back
1172.8007825830687,2844.626013550118,1172.4660174002938,1050.689684740092,3205.5252332157384,1003.7198079436344,1023.4861080499376,2557.564007582863,1041.293555015861,Back
1271.9191611842054,2855.5271147296307,1244.591005301839,1052.0266533217718,3080.286066943023,1126.600681717695,1096.329841276856,2637.6424510768593,984.8009091960829,Back
1216.950159108513,2873.190682718348,1237.46324363769,1171.9777561383598,3067.885383922671,1172.6538980737926,971.4195483215681,2607.572985562899,1046.0911469459134,Back
1093.64532011943,2779.692440709964,1221.9050126045925,1113.3013430743574,3166.4574990297724,914.1556123187386,866.9834407168848,2679.5570100726823,1059.1982783768635,Back
1355.6820191209902,2790.7269613040594,1295.7955974459328,1278.099937542465,2917.1628689730273,967.3940954231138,960.1468517130912,2486.3655836435555,1121.217569427394,Back
1178.7396340478792,2743.979860765374,1298.8672163481897,1152.1969951865128,3053.3765956084303,1154.6669712886421,926.2820995561211,2544.1644186669446,1094.2705167963363,Back
1132.4100015123386,2760.006223584982,1163.0765367054569,1055.027674067909,2896.3651167365488,975.2677313476698,1012.0783982112512,2710.076259750193,1054.8007872752605,Back
1158.4651006529136,2789.786793345645,1065.7736144619826,1079.4702620445812,3080.77796096006,1052.6886571219713,1047.595412024328,2631.336878614875,1044.0975712928728,Back
1376.2276554659343,2842.785111485322,1042.3258736741673,988.3312918160691,3095.18204328415,1028.7406505074896,979.797040589872,2713.1268982148595,1006.3941533767576,Back
1103.1639649271237,2914.46697964359,1183.7584671092848,1095.808049163215,3117.010372518245,1141.0572502560426,941.1382468610793,2604.848775876699,1099.4832696767953,Back
1298.533496508977,2734.503612202862,1201.2738647278309,1221.9858947011624,3079.146366694559,992.5090433403097,948.1746081425161,2647.7646272089955,991.7633432486433,Back
1203.120603169717,2820.842647247725,1177.7675603525015,1140.1364465182182,3206.1483233527365,1134.0650573346998,1041.9941453501817,2689.883215492288,1058.4453227750898,Back
1290.562358074477,2638.219845448392,1202.7728737247207,1132.1571765618523,3089.183472216818,1031.7373761842878,989.3834404679965,2540.980538157635,1026.9957028690942,Back
1254.184741771304,2780.778781178363,1285.103979869371,1058.039071729941,3052.0391081583257,1106.3819692252837,967.9566343406358,2679.434012618915,986.1649334403363,Back
1242.6483952750093,2875.061860324484,1069.7062297692094,1095.6656002080808,3109.597888166653,952.2530618893657,1004.3256002865909,2584.5916740151783,884.635978098261,Back
1306.4140330421149,2810.040654205624,1019.7887607786782,1061.9261475255914,3074.0608624758665,1090.9790222429067,938.9589746452282,2514.3269188318427,1019.9139837019605,Back
1122.718673197539,2877.138811603976,1239.0134231094903,1118.9424479828847,3054.477412958447,1108.9039073119443,1004.76163876839,2611.9444040175786,871.3906554278279,Back
1199.4344975199754,2617.85155113893,1209.790396614572,1297.5850452267694,3022.179516901003,1035.1659467890004,1066.3633530759678,2532.60453292227,917.4310985454576,Back
1181.0830726119636,2812.2081764730274,1269.484636373869,1062.7070095316114,3051.8284657259237,1078.9352547862557,943.4346544154405,2623.932236410594,1109.4268882493352,Back
1133.4960714141707,2707.5174663069424,1194.4099321542458,1053.4362158515958,2985.578338502208,993.3944696544758,851.4990165133238,2594.638577306838,940.6389394476779,Back
1343.0949383839943,2831.520969062706,1118.2588837563833,1011.903658898298,3062.66915095985,991.0293647166003,993.7256754370819,2687.9824053402267,974.278719817103,Back
1144.3750169862878,2642.202098151714,1082.0647701823448,1106.855476364986,3089.4215671314487,1115.1153756860122,885.956254795497,2669.8161612787812,959.8179668723122,Back
1052.5519096475714,2711.3420520862965,1148.5950042139923,1093.9855524357567,2966.7618005991303,1170.0698750691722,998.7756902011845,2667.8571380112394,1114.8592954257258,Back
1176.3518066654242,2749.1441121297,1246.106996273091,960.9989094056451,3186.254078738714,1095.1693359319906,965.823911069512,2509.163484007471,895.4128172398557,Back
1175.186147445874,2836.813805332506,1198.527825573203,915.5021799462376,3044.9707630149264,1141.0634460590966,1146.8037628534794,2588.0057947763594,1030.4406359093741,Back
1200.3019352110234,2767.696539782575,1107.889738491171,1026.5962312693198,2992.6855255238024,1137.07317069021,1068.0770805834425,2584.867184860425,949.0529397930063,Back
1280.7546585719788,2977.317676481012,1060.1815825651956,1144.788831067698,3110.9758637260616,1125.6453083351441,1055.373415686941,2723.111337414035,989.8678594967057,Back
1372.2346315730533,2705.618096970121,1260.906000166844,985.6687999969281,2986.497003855452,1133.5137727855576,1057.5949300228544,2553.688023288157,1044.750654401723,Back
1141.8910983085525,2888.885379897409,1081.5681750743222,1116.553957974651,3122.888636442039,1116.808019271137,1000.1088903146025,2590.365415096001,794.0149119698299,Back
1082.6017348765627,2879.7941411225784,1255.5887298150192,1208.6268608127184,3104.959893036113,1234.9667027459054,988.8630758047826,2682.4676236283576,962.5323807842486,Back
1155.9309404106305,2872.393207278114,1084.2974591490986,1221.9990298793402,3247.4004646807243,1099.486113027272,1110.287197673348,2557.1266709595625,980.1623716181554,Back
1218.9991241555397,2755.731796025171,1256.3144420753767,1171.4582623924607,3152.039233994001,1058.9664975962257,878.1349023585497,2633.347781394251,971.6883900760554,Back
1070.653304690337,2703.6325245116577,1177.1697448088216,1221.8946002962368,3130.4823277990054,1029.6222995739097,913.6422860492453,2520.5716212554735,918.4070913636167,Back
1212.8182639670508,2888.9976246292485,1416.5310529943504,1241.2294552693493,3061.4089532396392,1175.1957345570793,1007.8860206345481,2739.2768873873865,1041.1804581474528,Back
1160.3748498750501,2877.1383892387958,1136.6427892341342,1049.7212133735036,3074.9495894934976,1078.579778430276,833.4395795952103,2681.0575933626033,1213.6191528384456,Back
1100.8595143584116,2908.2372324593703,1064.1998027203426,1093.4181335396536,3033.589251867185,1115.0437956095916,1041.849228976423,2496.618314313092,986.9039349700805,Back
1258.9629874065615,2725.7376194108238,1299.1605038042928,1202.7916762445757,3062.071266281858,1213.4531708260224,844.5101070305609,2550.828593149882,1042.834169980672,Back
1275.7061377991292,2888.130845555079,1278.3681944786663,1103.1522447914874,3155.0810523322375,1102.4004696153086,882.5546558580543,2672.329539086549,1045.5403267726817,Back
